1.934625244e+02;5.677161273e-03
1.936655121e+02;1.257563941e-02
1.938684998e+02;1.617725566e-02
1.940715179e+02;5.067657214e-03
1.942745514e+02;4.291924648e-03
1.944776001e+02;-4.074904136e-03
1.946806641e+02;3.599306569e-03
1.948837433e+02;8.752387017e-03
1.950868378e+02;3.959468100e-03
1.952899628e+02;7.173216902e-03
1.954930878e+02;1.504136063e-02
1.956962280e+02;5.566342268e-03
1.958993835e+02;6.840760354e-03
1.961025696e+02;9.119474562e-04
1.963057556e+02;6.840760354e-03
1.965089722e+02;2.657345496e-03
1.967122040e+02;1.310202945e-02
1.969154358e+02;5.344704725e-03
1.971186981e+02;2.851278754e-03
1.973219757e+02;8.170587011e-03
1.975252533e+02;-1.138202730e-03
1.977285614e+02;7.533378433e-03
1.979318848e+02;3.931763116e-03
1.981352234e+02;9.749757126e-03
1.983385773e+02;-4.601294175e-03
1.985419464e+02;1.493746764e-03
1.987453461e+02;3.516192315e-03
1.989487457e+02;1.016532816e-02
1.991521606e+02;-1.664592652e-03
1.993555908e+02;5.095362198e-03
1.995590515e+02;1.466042129e-03
1.997625122e+02;-3.520809812e-03
1.999660034e+02;2.047841437e-03
2.001694946e+02;1.085101976e-04
2.003730164e+02;6.729941349e-03
2.005765533e+02;5.787980277e-03
2.007800903e+02;-3.770152340e-03
2.009836578e+02;3.266849788e-03
2.011872406e+02;1.191072632e-02
2.013908386e+02;8.309110999e-03
2.015944519e+02;5.067657214e-03
2.017980804e+02;9.112548083e-03
2.020017242e+02;2.539600428e-05
2.022053833e+02;1.521451515e-03
2.024090576e+02;9.112548083e-03
2.026127472e+02;-7.226317539e-04
2.028164520e+02;6.591417361e-03
2.030201721e+02;-1.470659510e-03
2.032239227e+02;4.208810627e-03
2.034276733e+02;-6.734558847e-03
2.036314545e+02;6.979283877e-03
2.038352356e+02;6.508303341e-03
2.040390472e+02;4.208810627e-03
2.042428589e+02;3.959468100e-03
2.044467010e+02;4.458153155e-03
2.046505585e+02;2.518821973e-03
2.048544159e+02;1.182761230e-02
2.050583038e+02;4.153401125e-03
2.052622070e+02;5.240811734e-04
2.054661255e+02;7.228626404e-03
2.056700592e+02;1.207695436e-02
2.058740082e+02;3.737830091e-03
2.060779724e+02;7.976653986e-03
2.062819519e+02;8.253701031e-03
2.064859467e+02;5.206180736e-03
2.066899567e+02;-9.442696464e-04
2.068939972e+02;2.629640745e-03
2.070980377e+02;-5.009939196e-04
2.073020935e+02;-2.468029968e-03
2.075061798e+02;3.211440286e-03
2.077102661e+02;5.310073539e-05
2.079143677e+02;8.696977049e-03
2.081184998e+02;5.926503800e-03
2.083226471e+02;-6.395175587e-04
2.085267944e+02;1.410632627e-03
2.087309723e+02;1.440415159e-02
2.089351654e+02;5.039952695e-03
2.091393585e+02;8.011285099e-04
2.093435822e+02;-3.347655002e-04
2.095478210e+02;2.324888716e-03
2.097520752e+02;-3.070607781e-04
2.099563446e+02;1.179990731e-02
2.101606293e+02;2.130955691e-03
2.103649292e+02;2.352593467e-03
2.105692444e+02;3.931763116e-03
2.107735748e+02;6.979283877e-03
2.109779205e+02;2.768164501e-03
2.111822815e+02;4.236515146e-03
2.113866730e+02;1.329596248e-02
2.115910645e+02;1.473660860e-02
2.117954712e+02;8.115177974e-03
2.119999084e+02;-2.966715023e-03
2.122043457e+02;7.616492454e-03
2.124088135e+02;-5.841081147e-04
2.126132812e+02;7.477968931e-03
2.128177795e+02;7.505673915e-03
2.130222778e+02;2.346359938e-02
2.132268066e+02;4.846019205e-03
2.134313507e+02;3.737830091e-03
2.136359100e+02;-1.664592652e-03
2.138404694e+02;1.163367834e-02
2.140450592e+02;1.066401321e-02
2.142496643e+02;5.815685261e-03
2.144542847e+02;1.916243928e-04
2.146589203e+02;3.931763116e-03
2.148635712e+02;3.848649096e-03
2.150682373e+02;-6.395175587e-04
2.152729187e+02;3.433078062e-03
2.154776154e+02;1.881613047e-03
2.156823273e+02;5.067657214e-03
2.158870697e+02;1.191072632e-02
2.160918121e+02;8.392225020e-03
2.162965698e+02;4.762905184e-03
2.165013580e+02;8.890910074e-03
2.167061462e+02;8.475339040e-03
2.169109497e+02;-5.016865209e-03
2.171157837e+02;1.770794159e-03
2.173206177e+02;1.576861017e-03
2.175254822e+02;2.934392774e-03
2.177303467e+02;3.322259057e-03
2.179352417e+02;5.926503800e-03
2.181401520e+02;-1.408323878e-04
2.183450623e+02;7.117807399e-03
2.185500031e+02;-3.770152340e-03
2.187549591e+02;3.904058598e-03
2.189599304e+02;8.863206021e-03
2.191649017e+02;8.170587011e-03
2.193699036e+02;3.931763116e-03
2.195749207e+02;1.357301045e-02
2.197799530e+02;6.480598822e-03
2.199850006e+02;3.322259057e-03
2.201900635e+02;-4.822932184e-03
2.203951416e+02;7.256330922e-03
2.206002350e+02;4.402743652e-03
2.208053589e+02;7.671901956e-03
2.210104828e+02;8.863206021e-03
2.212156219e+02;-2.301801462e-03
2.214207764e+02;4.264220130e-03
2.216259613e+02;-5.841081147e-04
2.218311462e+02;-1.498364261e-03
2.220363464e+02;7.284035906e-03
2.222415771e+02;3.578527831e-04
2.224468079e+02;5.926503800e-03
2.226520691e+02;1.493746764e-03
2.228573303e+02;1.149515528e-02
2.230626221e+02;1.216699486e-03
2.232679138e+02;2.241774695e-03
2.234732361e+02;-3.077534027e-03
2.236785583e+02;6.009618286e-03
2.238839111e+02;1.348989550e-02
2.240892792e+02;-1.408323878e-04
2.242946625e+02;5.400114227e-03
2.245000458e+02;-2.689667745e-03
2.247054596e+02;6.452893838e-03
2.249108887e+02;1.083024126e-02
2.251163330e+02;-3.624702513e-04
2.253217926e+02;-6.395175587e-04
2.255272675e+02;3.599306569e-03
2.257327576e+02;1.337907650e-02
2.259382629e+02;1.632270520e-03
2.261437836e+02;-1.110497979e-03
2.263493195e+02;5.510932766e-03
2.265548706e+02;2.158660442e-03
2.267604370e+02;-4.490475170e-03
2.269660187e+02;9.445005096e-03
2.271716309e+02;7.921244949e-03
2.273772430e+02;-1.830821042e-03
2.275828705e+02;4.347334150e-03
2.277885132e+02;6.813055370e-03
2.279941864e+02;6.785350852e-03
2.281998596e+02;2.158660442e-03
2.284055634e+02;3.488487564e-03
2.286112671e+02;1.584479772e-02
2.288169861e+02;5.787980277e-03
2.290227356e+02;5.095362198e-03
2.292284851e+02;2.463412471e-03
2.294342651e+02;1.604565769e-03
2.296400604e+02;6.903095637e-04
2.298458557e+02;-3.659333335e-03
2.300516815e+02;-3.631628584e-03
2.302575226e+02;1.074712723e-02
2.304633636e+02;9.445005096e-03
2.306692352e+02;-1.221316983e-03
2.308751221e+02;1.229859237e-02
2.310810089e+02;5.240811734e-04
2.312869263e+02;4.181105644e-03
2.314928589e+02;3.377668560e-03
2.316988068e+02;-5.155388732e-03
2.319047699e+02;1.182761230e-02
2.321107483e+02;1.493054163e-02
2.323167419e+02;4.014877602e-03
2.325227509e+02;-3.901749733e-04
2.327287750e+02;2.103250939e-03
2.329348145e+02;3.266849788e-03
2.331408691e+02;6.619122345e-03
2.333469391e+02;1.964727184e-03
2.335530243e+02;2.491117222e-03
2.337591248e+02;-1.498364261e-03
2.339652405e+02;2.075546188e-03
2.341713867e+02;-1.886230544e-03
2.343775330e+02;7.284035906e-03
2.345836945e+02;1.415480953e-02
2.347898712e+02;9.084843099e-03
2.349960785e+02;2.075546188e-03
2.352022858e+02;1.493746764e-03
2.354085083e+02;-5.543255247e-03
2.356147614e+02;8.641568013e-03
2.358210144e+02;-1.082793227e-03
2.360272827e+02;-1.941639930e-03
2.362335815e+02;1.016532816e-02
2.364398804e+02;1.069171820e-02
2.366462097e+02;-2.357210964e-03
2.368525391e+02;-2.163277939e-03
2.370588989e+02;-6.672223099e-04
2.372652588e+02;1.249252539e-02
2.374716492e+02;7.367149927e-03
2.376780548e+02;1.639196707e-04
2.378844604e+02;1.116269827e-02
2.380908966e+02;2.047841437e-03
2.382973480e+02;-1.276726369e-03
2.385037994e+02;3.045211779e-03
2.387102814e+02;1.362149342e-04
2.389167786e+02;3.183735535e-03
2.391232758e+02;6.785350852e-03
2.393298035e+02;2.740459749e-03
2.395363464e+02;4.513562657e-03
2.397429047e+02;3.793239594e-03
2.399494781e+02;5.898799282e-03
2.401560669e+02;1.355223125e-03
2.403626556e+02;7.117807399e-03
2.405692749e+02;9.999099188e-03
2.407759094e+02;-2.274096711e-03
2.409825592e+02;3.516192315e-03
2.411892242e+02;6.646826863e-03
2.413959045e+02;-2.772781998e-03
2.416026001e+02;1.551234163e-02
2.418093109e+02;1.825510897e-02
2.420160370e+02;-1.526069012e-03
2.422227783e+02;7.533378433e-03
2.424295502e+02;2.768164501e-03
2.426363220e+02;1.268645842e-02
2.428431091e+02;1.033155620e-02
2.430499115e+02;5.372409243e-03
2.432567291e+02;4.901428707e-03
2.434635620e+02;-1.359840622e-03
2.436704102e+02;1.466042129e-03
2.438772888e+02;9.666643105e-03
2.440841675e+02;2.629640745e-03
2.442910614e+02;7.062397897e-03
2.444979706e+02;8.198291995e-03
2.447049103e+02;2.934392774e-03
2.449118500e+02;1.604565769e-03
2.451188049e+02;4.873724189e-03
2.453257904e+02;1.244404237e-03
2.455327759e+02;1.055319421e-02
2.457397766e+02;7.948949002e-03
2.459468079e+02;-2.308727744e-06
2.461538391e+02;5.012247711e-03
2.463609009e+02;1.466042129e-03
2.465679626e+02;5.178476218e-03
2.467750549e+02;7.450264413e-03
2.469821472e+02;3.571601817e-03
2.471892548e+02;-8.611554513e-04
2.473963928e+02;-8.542292198e-05
2.476035309e+02;6.065027788e-03
2.478106995e+02;-1.886230544e-03
2.480178833e+02;1.050471095e-03
2.482250671e+02;5.649456754e-03
2.484322815e+02;4.042582121e-03
2.486394958e+02;1.063630823e-02
2.488467407e+02;2.055460215e-02
2.490539856e+02;2.546526724e-03
2.492612610e+02;1.379464753e-02
2.494685516e+02;6.619122345e-03
2.496758423e+02;6.729941349e-03
2.498831635e+02;3.516192315e-03
2.500904999e+02;-8.812413551e-03
2.502978363e+02;-3.299171804e-03
2.505052032e+02;4.181105644e-03
2.507125854e+02;5.794906756e-04
2.509199829e+02;-4.351951648e-03
2.511273804e+02;6.397484336e-03
2.513348083e+02;6.065027788e-03
2.515422516e+02;-1.138202730e-03
2.517497101e+02;4.208810627e-03
2.519571686e+02;7.339445408e-03
2.521646576e+02;1.116269827e-02
2.523721619e+02;3.024433390e-04
2.525796814e+02;4.409669782e-04
2.527872162e+02;3.100621281e-03
2.529947510e+02;8.565379540e-04
2.532023163e+02;9.389595129e-03
2.534098969e+02;9.084843099e-03
2.536174927e+02;-2.024754183e-03
2.538251038e+02;1.049778517e-02
2.540327301e+02;1.105880598e-03
2.542403717e+02;-2.329506213e-03
2.544480286e+02;-1.664592652e-03
2.546557007e+02;5.732570775e-03
2.548633881e+02;3.959468100e-03
2.550710754e+02;6.203551311e-03
2.552787933e+02;9.777462110e-03
2.554865265e+02;5.483228248e-03
2.556942749e+02;2.193291293e-04
2.559020386e+02;-2.578848740e-03
2.561098328e+02;3.183735535e-03
2.563176270e+02;8.447634988e-03
2.565254211e+02;-1.747706905e-03
2.567332458e+02;7.734237588e-04
2.569411011e+02;5.012247711e-03
2.571489563e+02;4.458153155e-03
2.573568115e+02;-2.107868437e-03
2.575646973e+02;9.445005096e-03
2.577726135e+02;-1.442954759e-03
2.579805298e+02;1.182761230e-02
2.581884460e+02;9.119474562e-04
2.583963928e+02;2.601935994e-03
2.586043701e+02;1.909317798e-03
2.588123474e+02;9.334186092e-03
2.590203247e+02;3.045211779e-03
2.592283325e+02;3.377668560e-03
2.594363708e+02;-5.377026740e-03
2.596444092e+02;1.639196707e-04
2.598524475e+02;5.400114227e-03
2.600605469e+02;6.369779818e-03
2.602686157e+02;8.752387017e-03
2.604767151e+02;8.780091070e-03
2.606848450e+02;1.271416340e-02
2.608929749e+02;7.062397897e-03
2.611011047e+02;3.024433390e-04
2.613092651e+02;1.743089408e-03
2.615174561e+02;-7.780412561e-04
2.617256470e+02;7.976653986e-03
2.619338684e+02;1.254793536e-02
2.621420898e+02;1.152286027e-02
2.623503113e+02;-6.672223099e-04
2.625585632e+02;9.278776124e-03
2.627668457e+02;2.324888716e-03
2.629751282e+02;9.950615931e-04
2.631834106e+02;6.626048707e-04
2.633917542e+02;-1.803116291e-03
2.636000671e+02;9.029434063e-03
2.638084106e+02;5.815685261e-03
2.640167847e+02;4.901428707e-03
2.642251587e+02;3.627011087e-03
2.644335327e+02;1.382235251e-02
2.646419373e+02;-2.606553491e-03
2.648503723e+02;6.674531847e-03
2.650588074e+02;-1.027383842e-03
2.652672729e+02;3.876353847e-03
2.654757385e+02;7.644197438e-03
2.656842041e+02;-3.659333335e-03
2.658927002e+02;1.362149342e-04
2.661012268e+02;9.278776124e-03
2.663097534e+02;1.050471095e-03
2.665183105e+02;-2.661962993e-03
2.667268677e+02;5.178476218e-03
2.669354248e+02;8.253701031e-03
2.671440125e+02;5.787980277e-03
2.673526306e+02;-5.155388732e-03
2.675612488e+02;1.083024126e-02
2.677698975e+02;3.156030783e-03
2.679785461e+02;3.294554306e-03
2.681871948e+02;3.931763116e-03
2.683958740e+02;4.042582121e-03
2.686045837e+02;-3.659333335e-03
2.688132935e+02;1.312973443e-02
2.690220337e+02;5.677161273e-03
2.692307739e+02;-2.883600770e-03
2.694395142e+02;3.543897066e-03
2.696482849e+02;-8.057459490e-04
2.698570862e+02;-1.193612232e-03
2.700658875e+02;8.011285099e-04
2.702746887e+02;7.450264413e-03
2.704835205e+02;5.240811734e-04
2.706923828e+02;-3.964085598e-03
2.709012451e+02;-1.055088593e-03
2.711101379e+02;6.785350852e-03
2.713190308e+02;-5.009939196e-04
2.715279236e+02;8.641568013e-03
2.717368469e+02;5.760275759e-03
2.719458008e+02;2.518821973e-03
2.721547546e+02;6.702236366e-03
2.723637085e+02;1.715384657e-03
2.725726929e+02;3.682420589e-03
2.727817078e+02;3.931763116e-03
2.729907227e+02;-2.772781998e-03
2.731997375e+02;-2.468029968e-03
2.734087830e+02;2.740459749e-03
2.736178589e+02;3.765534842e-03
2.738269348e+02;3.931763116e-03
2.740360107e+02;4.984543193e-03
2.742451172e+02;1.909317798e-03
2.744542542e+02;-3.797857091e-03
2.746633911e+02;9.084843099e-03
2.748725281e+02;2.747385879e-04
2.750816956e+02;3.045211779e-03
2.752908936e+02;5.594047252e-03
2.755000916e+02;2.269479213e-03
2.757092896e+02;7.367149927e-03
2.759185181e+02;-3.160648281e-03
2.761277771e+02;1.085101976e-04
2.763370361e+02;5.704866257e-03
2.765462952e+02;-1.803116291e-03
2.767555847e+02;2.740459749e-03
2.769649048e+02;5.240811734e-04
2.771742249e+02;3.156030783e-03
2.773835449e+02;5.310073539e-05
2.775928955e+02;3.211440286e-03
2.778022461e+02;3.682420589e-03
2.780116272e+02;6.148141809e-03
2.782210388e+02;8.364520036e-03
2.784304504e+02;2.851278754e-03
2.786398621e+02;7.173216902e-03
2.788493042e+02;5.926503800e-03
2.790587463e+02;9.638938121e-03
2.792682190e+02;1.193843130e-02
2.794777222e+02;5.123066716e-03
2.796872253e+02;1.549156266e-03
2.798967285e+02;-6.949270610e-04
2.801062622e+02;2.712754998e-03
2.803157959e+02;2.612325363e-02
2.805253601e+02;-4.545884673e-03
2.807349243e+02;4.956838209e-03
2.809445190e+02;4.679791164e-03
2.811541443e+02;1.210465934e-02
2.813637390e+02;1.964727184e-03
2.815733948e+02;8.004358970e-03
2.817830505e+02;-6.118128076e-04
2.819927063e+02;8.142882958e-03
2.822023926e+02;6.480598822e-03
2.824120789e+02;5.206180736e-03
2.826217957e+02;1.105187926e-02
2.828315125e+02;1.549156266e-03
2.830412598e+02;7.006988395e-03
2.832510071e+02;5.240811734e-04
2.834607849e+02;-1.609183149e-03
2.836705627e+02;-2.107868437e-03
2.838803711e+02;1.124581229e-02
2.840901794e+02;2.712754998e-03
2.843000183e+02;9.195662104e-03
2.845098572e+02;7.616492454e-03
2.847197266e+02;6.813055370e-03
2.849295959e+02;7.865834981e-03
2.851394958e+02;-4.296542145e-03
2.853493958e+02;3.405373311e-03
2.855593262e+02;9.673569002e-04
2.857692566e+02;2.324888716e-03
2.859792175e+02;2.657345496e-03
2.861891785e+02;-5.460140761e-03
2.863991394e+02;-5.841081147e-04
2.866091614e+02;6.813055370e-03
2.868191528e+02;-1.830821042e-03
2.870291748e+02;3.931763116e-03
2.872392273e+02;1.143974531e-02
2.874492798e+02;1.016532816e-02
2.876593628e+02;6.480598822e-03
2.878694458e+02;5.427818745e-03
2.880795288e+02;2.546526724e-03
2.882896423e+02;-2.717372496e-03
2.884997864e+02;2.823574003e-03
2.887099304e+02;-5.841081147e-04
2.889201050e+02;1.099647023e-02
2.891302795e+02;-1.470659510e-03
2.893404541e+02;1.105187926e-02
2.895506592e+02;3.855575342e-04
2.897608948e+02;2.193291293e-04
2.899711304e+02;-1.415250124e-03
2.901813660e+02;8.225996979e-03
2.903916321e+02;1.365612447e-02
2.906019287e+02;6.349001196e-04
2.908122253e+02;-9.442696464e-04
2.910225220e+02;8.475339040e-03
2.912328491e+02;-5.072274711e-03
2.914431763e+02;-2.717372496e-03
2.916535339e+02;6.037322804e-03
2.918639221e+02;8.503044024e-03
2.920743103e+02;8.059768006e-03
2.922846985e+02;6.591417361e-03
2.924951172e+02;-4.490475170e-03
2.927055359e+02;5.843389779e-03
2.929159851e+02;6.979283877e-03
2.931264343e+02;6.813055370e-03
2.933369141e+02;4.901428707e-03
2.935474243e+02;-5.460140761e-03
2.937579041e+02;4.347334150e-03
2.939684448e+02;1.355223125e-03
2.941789856e+02;-2.994419774e-03
2.943895264e+02;-4.158018623e-03
2.946000977e+02;3.377668560e-03
2.948106689e+02;3.377668560e-03
2.950212708e+02;3.931763116e-03
2.952318726e+02;-1.858525793e-03
2.954424744e+02;6.591417361e-03
2.956531372e+02;1.050471095e-03
2.958637695e+02;7.145512383e-03
2.960744629e+02;3.128326032e-03
2.962851257e+02;-3.901749733e-04
2.964958191e+02;-2.883600770e-03
2.967065430e+02;-6.395175587e-04
2.969172668e+02;4.873724189e-03
2.971280212e+02;-1.304431120e-03
2.973387756e+02;5.732570775e-03
2.975495300e+02;5.012247711e-03
2.977603149e+02;5.704866257e-03
2.979711304e+02;9.195662104e-03
2.981819458e+02;6.702236366e-03
2.983927917e+02;-8.202909492e-03
2.986036377e+02;1.290809643e-02
2.988144836e+02;4.208810627e-03
2.990253601e+02;-1.055088593e-03
2.992362671e+02;-2.024754183e-03
2.994471741e+02;5.483228248e-03
2.996580811e+02;-5.286986125e-04
2.998690186e+02;-9.442696464e-04
3.000799561e+02;4.963764804e-04
3.002909241e+02;3.211440286e-03
3.005019226e+02;1.274186838e-02
3.007129211e+02;2.297183964e-03
3.009239197e+02;6.425189320e-03
3.011349487e+02;-1.685371244e-04
3.013459778e+02;8.004358970e-03
3.015570374e+02;4.901428707e-03
3.017680969e+02;-4.102609120e-03
3.019791870e+02;2.020136686e-03
3.021902771e+02;-2.468029968e-03
3.024013977e+02;-7.226317539e-04
3.026125183e+02;7.200921420e-03
3.028236694e+02;-1.249021734e-03
3.030348206e+02;3.765534842e-03
3.032460022e+02;1.687679905e-03
3.034571838e+02;9.119474562e-04
3.036683960e+02;5.039952695e-03
3.038796082e+02;1.548463665e-02
3.040908508e+02;1.244404237e-03
3.043020935e+02;2.629640745e-03
3.045133667e+02;9.306481108e-03
3.047246399e+02;1.293580141e-02
3.049359131e+02;7.457190659e-04
3.051472168e+02;1.133585349e-03
3.053585510e+02;-2.516513050e-04
3.055698853e+02;5.981913302e-03
3.057812195e+02;1.659975154e-03
3.059925842e+02;-6.125054322e-03
3.062039795e+02;7.090102881e-03
3.064153748e+02;9.860576130e-03
3.066267700e+02;7.477968931e-03
3.068381958e+02;1.244404237e-03
3.070496521e+02;-2.634258242e-03
3.072611084e+02;3.377668560e-03
3.074725647e+02;2.241774695e-03
3.076840515e+02;-2.966715023e-03
3.078955383e+02;2.823574003e-03
3.081070557e+02;5.649456754e-03
3.083185730e+02;3.848649096e-03
3.085301208e+02;1.299813739e-03
3.087416687e+02;-3.070607781e-04
3.089532471e+02;5.012247711e-03
3.091648254e+02;6.231255829e-03
3.093764343e+02;1.091335621e-02
3.095880432e+02;-2.606553491e-03
3.097996826e+02;3.266849788e-03
3.100113220e+02;6.369779818e-03
3.102229919e+02;1.252023038e-02
3.104346619e+02;5.240811734e-04
3.106463623e+02;8.309110999e-03
3.108580627e+02;2.601935994e-03
3.110697632e+02;1.362149342e-04
3.112814941e+02;-4.379656631e-03
3.114932556e+02;-4.732891684e-04
3.117050171e+02;1.050471095e-03
3.119167786e+02;-1.775411540e-03
3.121285706e+02;-2.606553491e-03
3.123403931e+02;1.466042129e-03
3.125522156e+02;8.752387017e-03
3.127640381e+02;1.382927876e-03
3.129758911e+02;1.299121045e-02
3.131877747e+02;-3.493105061e-03
3.133996277e+02;9.999099188e-03
3.136115417e+02;-2.024754183e-03
3.138234558e+02;3.349963808e-03
3.140353699e+02;8.565379540e-04
3.142473145e+02;6.425189320e-03
3.144592590e+02;-1.553773764e-03
3.146712341e+02;1.177220233e-02
3.148832092e+02;7.734237588e-04
3.150952148e+02;2.186365193e-03
3.153072205e+02;1.937022549e-03
3.155192566e+02;6.349001196e-04
3.157312927e+02;5.261590239e-03
3.159433289e+02;1.022073720e-02
3.161553955e+02;2.906688256e-03
3.163674927e+02;5.289295223e-03
3.165795898e+02;1.515217964e-02
3.167917175e+02;8.752387017e-03
3.170038452e+02;6.923874374e-03
3.172159729e+02;-2.495734720e-03
3.174281311e+02;5.483228248e-03
3.176403198e+02;5.400114227e-03
3.178525085e+02;4.596676677e-03
3.180646973e+02;1.576861017e-03
3.182769165e+02;2.324888716e-03
3.184891357e+02;1.992431935e-03
3.187013855e+02;-3.742447589e-03
3.189136658e+02;3.301480610e-04
3.191259155e+02;3.571601817e-03
3.193382263e+02;9.666643105e-03
3.195505066e+02;-6.041940302e-03
3.197628479e+02;1.385005750e-02
3.199751587e+02;3.377668560e-03
3.201875305e+02;5.067657214e-03
3.203998718e+02;8.724682033e-03
3.206122437e+02;2.851278754e-03
3.208246460e+02;2.470338659e-04
3.210370483e+02;-1.110497979e-03
3.212494812e+02;3.855575342e-04
3.214619141e+02;3.156030783e-03
3.216743469e+02;3.516192315e-03
3.218868408e+02;9.722052142e-03
3.220993042e+02;-4.351951648e-03
3.223117981e+02;1.272108988e-03
3.225242920e+02;4.402743652e-03
3.227368164e+02;1.282498240e-02
3.229493713e+02;1.210465934e-02
3.231619263e+02;-3.160648281e-03
3.233744812e+02;3.737830091e-03
3.235870667e+02;1.254793536e-02
3.237996521e+02;3.627011087e-03
3.240122681e+02;-4.878341686e-03
3.242248840e+02;2.103250939e-03
3.244375305e+02;6.071953685e-04
3.246501770e+02;3.017507028e-03
3.248628540e+02;1.382927876e-03
3.250755310e+02;2.740459749e-03
3.252882385e+02;-2.190982457e-03
3.255009460e+02;2.574231476e-03
3.257136841e+02;8.503044024e-03
3.259264221e+02;1.362841949e-02
3.261391602e+02;3.072916530e-03
3.263519287e+02;-3.901749733e-04
3.265647278e+02;3.599306569e-03
3.267775269e+02;-1.138202730e-03
3.269903259e+02;6.397484336e-03
3.272031555e+02;1.549156266e-03
3.274160156e+02;8.586158045e-03
3.276288452e+02;5.123066716e-03
3.278417358e+02;-2.966715023e-03
3.280546265e+02;2.823574003e-03
3.282675171e+02;4.707495682e-03
3.284804382e+02;7.367149927e-03
3.286933594e+02;2.297183964e-03
3.289063110e+02;9.389595129e-03
3.291192627e+02;-1.276726369e-03
3.293322449e+02;-1.304431120e-03
3.295452271e+02;8.115177974e-03
3.297582092e+02;2.712754998e-03
3.299712219e+02;4.153401125e-03
3.301842651e+02;-2.578848740e-03
3.303973083e+02;4.873724189e-03
3.306103821e+02;-2.384915715e-03
3.308234558e+02;3.128326032e-03
3.310365295e+02;4.319629632e-03
3.312496338e+02;3.183735535e-03
3.314627380e+02;6.092732307e-03
3.316758728e+02;3.820944345e-03
3.318890381e+02;6.175846327e-03
3.321022034e+02;9.278776124e-03
3.323153687e+02;2.574231476e-03
3.325285645e+02;4.903506860e-02
3.327417603e+02;-2.274096711e-03
3.329549866e+02;6.979283877e-03
3.331682129e+02;-2.308727744e-06
3.333814392e+02;1.401628554e-02
3.335947266e+02;1.143974531e-02
3.338079834e+02;3.045211779e-03
3.340212708e+02;6.619122345e-03
3.342345886e+02;9.888281114e-03
3.344479065e+02;8.419930004e-03
3.346612244e+02;1.078175846e-03
3.348745728e+02;2.297183964e-03
3.350879517e+02;7.311740424e-03
3.353013306e+02;3.710125340e-03
3.355147095e+02;3.017507028e-03
3.357281189e+02;1.881613047e-03
3.359415283e+02;9.694347158e-03
3.361549683e+02;8.724682033e-03
3.363684082e+02;2.113640122e-02
3.365818787e+02;1.673134975e-02
3.367953491e+02;2.013903111e-02
3.370088501e+02;4.415903613e-02
3.372223511e+02;6.119744480e-02
3.374358826e+02;5.006014183e-02
3.376494141e+02;4.648623243e-02
3.378629761e+02;3.338189423e-02
3.380765381e+02;2.723144367e-02
3.382901001e+02;2.218918130e-02
3.385036926e+02;2.191213518e-02
3.387173157e+02;1.753478684e-02
3.389309387e+02;-7.503365050e-04
3.391445618e+02;-5.127684213e-03
3.393582153e+02;-3.271467052e-03
3.395718689e+02;3.017507028e-03
3.397855530e+02;2.186365193e-03
3.399992371e+02;5.316999741e-03
3.402129517e+02;-2.274096711e-03
3.404266663e+02;3.654715838e-03
3.406404114e+02;1.445956156e-02
3.408541565e+02;4.818314686e-03
3.410679321e+02;5.310073539e-05
3.412817078e+02;-3.603923833e-03
3.414954834e+02;5.123066716e-03
3.417093201e+02;-3.077534027e-03
3.419231262e+02;-8.888601442e-04
3.421369629e+02;1.063630823e-02
3.423507996e+02;4.181105644e-03
3.425646667e+02;-5.460140761e-03
3.427785645e+02;2.103250939e-03
3.429924622e+02;7.145512383e-03
3.432063599e+02;1.826203545e-03
3.434202881e+02;-3.936380614e-03
3.436342163e+02;2.186365193e-03
3.438481750e+02;1.224318333e-02
3.440621338e+02;3.266849788e-03
3.442761230e+02;-1.249021734e-03
3.444901123e+02;9.583528154e-03
3.447041016e+02;-3.070607781e-04
3.449181213e+02;1.080253720e-02
3.451321716e+02;1.210465934e-02
3.453462219e+02;3.322259057e-03
3.455602722e+02;7.457190659e-04
3.457743530e+02;3.710125340e-03
3.459884644e+02;2.324888716e-03
3.462025757e+02;9.195662104e-03
3.464166870e+02;9.888281114e-03
3.466308289e+02;-3.624702513e-04
3.468449707e+02;2.130955691e-03
3.470591431e+02;9.888281114e-03
3.472733154e+02;2.214069944e-03
3.474875183e+02;3.349963808e-03
3.477017212e+02;-2.024754183e-03
3.479159241e+02;1.016532816e-02
3.481301880e+02;1.937022549e-03
3.483444214e+02;2.574231476e-03
3.485586853e+02;3.460782813e-03
3.487729797e+02;-2.440325217e-03
3.489872742e+02;7.671901956e-03
3.492015686e+02;-5.841081147e-04
3.494158936e+02;1.161289983e-03
3.496302185e+02;1.272108988e-03
3.498445740e+02;1.102417428e-02
3.500589294e+02;4.485857673e-03
3.502733154e+02;4.236515146e-03
3.504877014e+02;5.538637750e-03
3.507021179e+02;7.339445408e-03
3.509165344e+02;1.035926118e-02
3.511309814e+02;9.119474562e-04
3.513454285e+02;7.838130929e-03
3.515598755e+02;1.355223125e-03
3.517743530e+02;5.316999741e-03
3.519888611e+02;9.278776124e-03
3.522033691e+02;2.601935994e-03
3.524178772e+02;6.563712843e-03
3.526324158e+02;9.500414133e-03
3.528469543e+02;5.400114227e-03
3.530615234e+02;2.232770622e-02
3.532760925e+02;1.279727742e-02
3.534906921e+02;2.925388888e-02
3.537052917e+02;3.050060198e-02
3.539199219e+02;3.255075216e-02
3.541345520e+02;3.593073040e-02
3.543492126e+02;3.327107430e-02
3.545638733e+02;2.116410621e-02
3.547785339e+02;1.936329901e-02
3.549932251e+02;2.011132613e-02
3.552079163e+02;1.855986193e-02
3.554226379e+02;1.246482041e-02
3.556373901e+02;3.128326032e-03
3.558521423e+02;1.260334440e-02
3.560668945e+02;1.379464753e-02
3.562816772e+02;1.886461303e-02
3.564964600e+02;2.182902023e-02
3.567112427e+02;3.138715401e-02
3.569260864e+02;4.402051121e-02
3.571408997e+02;4.950604588e-02
3.573557434e+02;6.277661771e-02
3.575706177e+02;7.552079111e-02
3.577854919e+02;1.070487797e-01
3.580003662e+02;1.232560426e-01
3.582152710e+02;9.956850111e-02
3.584302063e+02;8.361057192e-02
3.586451111e+02;7.408014685e-02
3.588600769e+02;4.837015271e-02
3.590750427e+02;2.529211156e-02
3.592900085e+02;2.224459127e-02
3.595049744e+02;1.202154532e-02
3.597200012e+02;8.004358970e-03
3.599349976e+02;6.729941349e-03
3.601500244e+02;3.710125340e-03
3.603650818e+02;1.050471095e-03
3.605801392e+02;4.686717293e-04
3.607951965e+02;7.256330922e-03
3.610102844e+02;-1.581478515e-03
3.612254028e+02;2.712754998e-03
3.614405212e+02;3.211440286e-03
3.616556396e+02;3.183735535e-03
3.618707886e+02;-4.178797244e-04
3.620859375e+02;5.510932766e-03
3.623011169e+02;-5.841081147e-04
3.625162964e+02;2.685050247e-03
3.627314758e+02;6.923874374e-03
3.629466858e+02;1.357301045e-02
3.631619263e+02;8.565379540e-04
3.633771667e+02;3.959468100e-03
3.635924072e+02;7.505673915e-03
3.638076782e+02;3.571601817e-03
3.640229797e+02;1.050471095e-03
3.642382812e+02;1.964727184e-03
3.644535828e+02;4.735200666e-03
3.646689148e+02;8.336815983e-03
3.648842468e+02;1.327518374e-03
3.650996094e+02;1.121810824e-02
3.653149719e+02;7.505673915e-03
3.655303345e+02;9.971395135e-03
3.657457275e+02;-2.274096711e-03
3.659611511e+02;6.342074834e-03
3.661765747e+02;1.085794624e-02
3.663919983e+02;8.309110999e-03
3.666074524e+02;-3.603923833e-03
3.668229370e+02;3.876353847e-03
3.670383911e+02;3.904058598e-03
3.672539062e+02;1.321284845e-02
3.674693909e+02;6.231255829e-03
3.676849365e+02;9.472710080e-03
3.679004517e+02;8.565379540e-04
3.681159973e+02;2.745308168e-02
3.683315735e+02;9.999099188e-03
3.685471497e+02;2.463412471e-03
3.687627258e+02;-9.165648953e-04
3.689783325e+02;2.380298218e-03
3.691939697e+02;3.737830091e-03
3.694096069e+02;9.694347158e-03
3.696252441e+02;1.279727742e-02
3.698409119e+02;6.258960813e-03
3.700565796e+02;6.037322804e-03
3.702722778e+02;1.440415159e-02
3.704879761e+02;9.084843099e-03
3.707036743e+02;6.813055370e-03
3.709194336e+02;1.074712723e-02
3.711351624e+02;1.944641396e-02
3.713509216e+02;1.695298776e-02
3.715666809e+02;1.083024126e-02
3.717824707e+02;8.281406015e-03
3.719982910e+02;9.528119117e-03
3.722141113e+02;1.567856967e-02
3.724299316e+02;7.256330922e-03
3.726457825e+02;7.006988395e-03
3.728616333e+02;-2.793560561e-04
3.730774841e+02;3.460782813e-03
3.732933655e+02;7.671901956e-03
3.735092773e+02;9.860576130e-03
3.737251892e+02;-3.991790116e-03
3.739411316e+02;1.540152263e-02
3.741570435e+02;1.010991819e-02
3.743730164e+02;2.097017318e-02
3.745889893e+02;2.110869810e-02
3.748049622e+02;2.429474145e-02
3.750209656e+02;3.429615125e-02
3.752369690e+02;3.781465068e-02
3.754530029e+02;3.969857097e-02
3.756690369e+02;5.662616342e-02
3.758850708e+02;6.527004391e-02
3.761011353e+02;4.396510124e-02
3.763172302e+02;3.781465068e-02
3.765333252e+02;3.180272505e-02
3.767494202e+02;2.942011692e-02
3.769655457e+02;2.149656415e-02
3.771816711e+02;2.260475233e-02
3.773978271e+02;6.037322804e-03
3.776139832e+02;2.962097526e-03
3.778301697e+02;2.685050247e-03
3.780463562e+02;1.274186838e-02
3.782625732e+02;1.429333352e-02
3.784787903e+02;9.140253067e-03
3.786950073e+02;2.130955691e-03
3.789112549e+02;1.218777336e-02
3.791275330e+02;1.955723204e-02
3.793437805e+02;1.944641396e-02
3.795600891e+02;1.720233075e-02
3.797763672e+02;3.676187247e-02
3.799927063e+02;3.872890770e-02
3.802090149e+02;5.429896712e-02
3.804253845e+02;6.385710090e-02
3.806417236e+02;9.491410106e-02
3.808580933e+02;8.868053555e-02
3.810744934e+02;6.920411438e-02
3.812908936e+02;6.047712266e-02
3.815072937e+02;4.886883870e-02
3.817237244e+02;3.205206618e-02
3.819401550e+02;2.459949255e-02
3.821566162e+02;5.067657214e-03
3.823730774e+02;4.485857673e-03
3.825895691e+02;1.992431935e-03
3.828060608e+02;4.956838209e-03
3.830225525e+02;-6.097349804e-03
3.832390747e+02;3.301480610e-04
3.834556274e+02;4.430448636e-03
3.836721802e+02;9.029434063e-03
3.838887329e+02;-1.498364261e-03
3.841053162e+02;6.231255829e-03
3.843218994e+02;6.071953685e-04
3.845385132e+02;7.893539965e-03
3.847551270e+02;1.438337378e-03
3.849717712e+02;-6.672223099e-04
3.851884155e+02;3.765534842e-03
3.854050598e+02;6.092732307e-03
3.856217346e+02;1.047008019e-02
3.858384399e+02;1.127351727e-02
3.860551453e+02;9.860576130e-03
3.862718506e+02;7.699606940e-03
3.864885864e+02;1.005450916e-02
3.867053223e+02;1.005450916e-02
3.869220886e+02;9.001729079e-03
3.871388550e+02;1.304662041e-02
3.873556519e+02;1.504136063e-02
3.875724487e+02;1.229859237e-02
3.877892456e+02;2.476572245e-02
3.880060730e+02;2.199524827e-02
3.882229309e+02;3.346500918e-02
3.884397888e+02;3.185813501e-02
3.886566467e+02;4.978309572e-02
3.888735352e+02;5.319077894e-02
3.890904236e+02;5.294143409e-02
3.893073120e+02;5.515781417e-02
3.895242615e+02;7.042311877e-02
3.897411804e+02;9.967932105e-02
3.899581299e+02;1.216768771e-01
3.901751099e+02;1.577484310e-01
3.903920898e+02;2.007461786e-01
3.906090698e+02;2.411396801e-01
3.908260803e+02;2.992087901e-01
3.910430908e+02;3.212617636e-01
3.912601318e+02;3.372196853e-01
3.914771729e+02;4.646614492e-01
3.916942139e+02;7.004564404e-01
3.919113159e+02;6.688730121e-01
3.921283875e+02;4.773779213e-01
3.923454895e+02;3.787490726e-01
3.925625916e+02;3.048882782e-01
3.927797241e+02;2.513904274e-01
3.929968872e+02;1.586349905e-01
3.932140198e+02;7.834667712e-02
3.934312134e+02;2.831192687e-02
3.936483765e+02;2.651111968e-02
3.938655701e+02;1.185531635e-02
3.940827942e+02;1.725773886e-02
3.943000183e+02;2.202295326e-02
3.945172424e+02;3.634630144e-02
3.947344971e+02;2.687128074e-02
3.949517822e+02;2.454408444e-02
3.951690369e+02;2.191213518e-02
3.953863525e+02;2.285409532e-02
3.956036377e+02;2.786865272e-02
3.958209534e+02;2.049919218e-02
3.960382996e+02;7.200921420e-03
3.962556458e+02;1.438337378e-03
3.964730225e+02;7.727311458e-03
3.966903687e+02;1.493054163e-02
3.969077759e+02;-3.001345976e-05
3.971251831e+02;1.177220233e-02
3.973425903e+02;4.929133691e-03
3.975600281e+02;1.224318333e-02
3.977774658e+02;2.546526724e-03
3.979949036e+02;1.795035787e-02
3.982123718e+02;1.662052982e-02
3.984298706e+02;1.152286027e-02
3.986473694e+02;1.531840861e-02
3.988648682e+02;1.686987281e-02
3.990823975e+02;1.819970086e-02
3.992999268e+02;3.313254938e-02
3.995174866e+02;3.260616213e-02
3.997350464e+02;4.806540161e-02
3.999526367e+02;6.540856510e-02
4.001702271e+02;7.241786271e-02
4.003878479e+02;5.945204571e-02
4.006054688e+02;3.864579275e-02
4.008230896e+02;3.490565345e-02
4.010407410e+02;3.401910141e-02
4.012583923e+02;2.712062374e-02
4.014760742e+02;1.193843130e-02
4.016937561e+02;6.813055370e-03
4.019114685e+02;6.813055370e-03
4.021291809e+02;2.241774695e-03
4.023468933e+02;7.865834981e-03
4.025646362e+02;5.427818745e-03
4.027824097e+02;-1.720002154e-03
4.030001831e+02;1.321284845e-02
4.032179565e+02;6.563712843e-03
4.034357605e+02;1.501365658e-02
4.036535645e+02;2.906688256e-03
4.038713989e+02;7.090102881e-03
4.040892334e+02;1.232629735e-02
4.043070679e+02;1.914166100e-02
4.045249329e+02;3.045211779e-03
4.047428284e+02;1.393317152e-02
4.049607239e+02;2.088706009e-02
4.051786194e+02;2.144115418e-02
4.053965454e+02;2.731455676e-02
4.056144714e+02;3.282779828e-02
4.058324280e+02;5.075275898e-02
4.060503845e+02;6.939804554e-02
4.062683411e+02;4.989391565e-02
4.064863281e+02;4.537804425e-02
4.067043457e+02;2.410080843e-02
4.069223328e+02;2.099787816e-02
4.071403809e+02;1.382235251e-02
4.073583984e+02;1.033155620e-02
4.075764771e+02;8.059768006e-03
4.077945251e+02;9.528119117e-03
4.080126038e+02;-3.077534027e-03
4.082307129e+02;1.362841949e-02
4.084488220e+02;1.459808555e-02
4.086669312e+02;9.860576130e-03
4.088850708e+02;9.999099188e-03
4.091032104e+02;-9.996790905e-04
4.093213806e+02;3.183735535e-03
4.095395508e+02;1.554004569e-02
4.097577515e+02;5.067657214e-03
4.099759521e+02;9.084843099e-03
4.101941833e+02;1.204924937e-02
4.104124146e+02;5.372409243e-03
4.106306458e+02;2.047841437e-03
4.108489075e+02;-2.190982457e-03
4.110671692e+02;8.530749008e-03
4.112854614e+02;1.667593978e-02
4.115037537e+02;-1.913935295e-03
4.117220764e+02;-5.460140761e-03
4.119403992e+02;6.536007859e-03
4.121587219e+02;9.832871147e-03
4.123770752e+02;7.734237588e-04
4.125954285e+02;3.848649096e-03
4.128138123e+02;4.485857673e-03
4.130321960e+02;1.191072632e-02
4.132506104e+02;1.468119957e-02
4.134690247e+02;6.480598822e-03
4.136874695e+02;2.380298218e-03
4.139059143e+02;1.312973443e-02
4.141243591e+02;5.095362198e-03
4.143428345e+02;3.848649096e-03
4.145613403e+02;6.120437291e-03
4.147798157e+02;9.971395135e-03
4.149983521e+02;2.066542208e-02
4.152168579e+02;1.257563941e-02
4.154353943e+02;3.024433390e-04
4.156539612e+02;1.027614716e-02
4.158725281e+02;1.044237521e-02
4.160910950e+02;2.020136686e-03
4.163096924e+02;2.962097526e-03
4.165282898e+02;1.404399052e-02
4.167469177e+02;8.225996979e-03
4.169655457e+02;7.727311458e-03
4.171842041e+02;2.934392774e-03
4.174028625e+02;7.477968931e-03
4.176215210e+02;2.906688256e-03
4.178402100e+02;2.518821973e-03
4.180589294e+02;9.417300113e-03
4.182776489e+02;8.253701031e-03
4.184963684e+02;8.080546831e-05
4.187151184e+02;3.072916530e-03
4.189338684e+02;1.207695436e-02
4.191526184e+02;2.191213518e-02
4.193713989e+02;9.943690151e-03
4.195902100e+02;1.052548923e-02
4.198090210e+02;1.207695436e-02
4.200278320e+02;2.548604459e-02
4.202466736e+02;3.953234479e-02
4.204655151e+02;2.864438482e-02
4.206843872e+02;2.177361026e-02
4.209032593e+02;2.030525915e-02
4.211221313e+02;2.146885917e-02
4.213410339e+02;1.033155620e-02
4.215599365e+02;1.462578960e-02
4.217788696e+02;1.299121045e-02
4.219978333e+02;6.508303341e-03
4.222167664e+02;9.749757126e-03
4.224357300e+02;1.257563941e-02
4.226547241e+02;2.576309256e-02
4.228737183e+02;2.196754329e-02
4.230927124e+02;3.008503094e-02
4.233117371e+02;3.113781102e-02
4.235307922e+02;2.310343832e-02
4.237498169e+02;5.518551916e-02
4.239689026e+02;7.230704278e-02
4.241879578e+02;5.108521879e-02
4.244070435e+02;5.136226490e-02
4.246261597e+02;3.919988871e-02
4.248452759e+02;4.072364792e-02
4.250643921e+02;4.346641526e-02
4.252835388e+02;3.701121360e-02
4.255026855e+02;4.185954109e-02
4.257218628e+02;5.172242597e-02
4.259410400e+02;7.524374127e-02
4.261602478e+02;7.549308985e-02
4.263794556e+02;9.710277617e-02
4.265986633e+02;1.283814162e-01
4.268179016e+02;1.511824131e-01
4.270371399e+02;1.862289011e-01
4.272564087e+02;1.960640848e-01
4.274756775e+02;1.865890622e-01
4.276949768e+02;2.021868229e-01
4.279142761e+02;3.264148533e-01
4.281335754e+02;4.198074937e-01
4.283529053e+02;3.052207232e-01
4.285722656e+02;2.185049206e-01
4.287915955e+02;1.717116237e-01
4.290109863e+02;1.500188112e-01
4.292303467e+02;1.061622277e-01
4.294497375e+02;5.798369646e-02
4.296691589e+02;3.274468333e-02
4.298885803e+02;1.828281395e-02
4.301080017e+02;1.141204126e-02
4.303274536e+02;2.365753241e-02
4.305469055e+02;1.238170639e-02
4.307663879e+02;2.574231476e-03
4.309858704e+02;-1.082793227e-03
4.312053833e+02;5.372409243e-03
4.314248962e+02;8.641568013e-03
4.316444092e+02;5.310073539e-05
4.318639526e+02;5.316999741e-03
4.320834961e+02;9.361891076e-03
4.323030701e+02;-2.135573188e-03
4.325226440e+02;6.903095637e-04
4.327422485e+02;6.009618286e-03
4.329618530e+02;4.208810627e-03
4.331814575e+02;1.459808555e-02
4.334010925e+02;1.157826930e-02
4.336207581e+02;3.460782813e-03
4.338403931e+02;1.387776248e-02
4.340600891e+02;1.603873074e-02
4.342797546e+02;1.085794624e-02
4.344994507e+02;1.903084293e-02
4.347191772e+02;2.058230713e-02
4.349389038e+02;1.692528278e-02
4.351586304e+02;1.448726654e-02
4.353783875e+02;1.360071450e-02
4.355981445e+02;1.717462577e-02
4.358179321e+02;1.185531635e-02
4.360377197e+02;1.434874255e-02
4.362575378e+02;1.772871986e-02
4.364773560e+02;3.571601817e-03
4.366971741e+02;5.871094298e-03
4.369170227e+02;2.130955691e-03
4.371368713e+02;3.301480610e-04
4.373567505e+02;8.059768006e-03
4.375766296e+02;1.512447465e-02
4.377965088e+02;3.072916530e-03
4.380164185e+02;2.435707720e-03
4.382363586e+02;3.239145037e-03
4.384562988e+02;4.686717293e-04
4.386762390e+02;1.058089919e-02
4.388962097e+02;5.871094298e-03
4.391161804e+02;-3.299171804e-03
4.393361511e+02;1.326825842e-02
4.395561523e+02;-5.286986125e-04
4.397761841e+02;1.224318333e-02
4.399962158e+02;-3.901749733e-04
4.402162476e+02;5.316999741e-03
4.404363098e+02;5.427818745e-03
4.406563721e+02;7.173216902e-03
4.408764343e+02;3.682420589e-03
4.410965271e+02;1.348989550e-02
4.413166504e+02;3.516192315e-03
4.415367737e+02;-3.901749733e-04
4.417568970e+02;1.385005750e-02
4.419770508e+02;1.102417428e-02
4.421972046e+02;1.138433628e-02
4.424173889e+02;4.181105644e-03
4.426375732e+02;1.426562853e-02
4.428577576e+02;1.853908296e-03
4.430779724e+02;6.563712843e-03
4.432981873e+02;7.284035906e-03
4.435184326e+02;4.125696141e-03
4.437386780e+02;8.946320042e-03
4.439589539e+02;3.377668560e-03
4.441792297e+02;6.258960813e-03
4.443995056e+02;1.171679329e-02
4.446198120e+02;1.659282669e-02
4.448401184e+02;9.583528154e-03
4.450604553e+02;-1.408323878e-04
4.452807922e+02;1.272108988e-03
4.455011597e+02;1.343448646e-02
4.457215271e+02;-2.052458934e-03
4.459418945e+02;-5.681778770e-03
4.461622925e+02;4.375039134e-03
4.463827209e+02;7.339445408e-03
4.466031189e+02;1.743089408e-03
4.468235779e+02;4.236515146e-03
4.470440063e+02;9.638938121e-03
4.472644653e+02;1.578938775e-02
4.474849548e+02;6.349001196e-04
4.477054138e+02;1.127351727e-02
4.479259338e+02;2.518821973e-03
4.481464539e+02;9.223367088e-03
4.483669739e+02;9.999099188e-03
4.485874939e+02;1.157826930e-02
4.488080444e+02;3.239145037e-03
4.490286255e+02;1.844904199e-02
4.492492065e+02;1.174449734e-02
4.494697876e+02;1.501365658e-02
4.496903992e+02;1.141204126e-02
4.499110107e+02;7.394854911e-03
4.501316223e+02;7.200921420e-03
4.503522644e+02;7.810425945e-03
4.505729370e+02;4.568972159e-03
4.507936096e+02;5.510932766e-03
4.510142822e+02;2.768164501e-03
4.512349854e+02;5.150771234e-03
4.514556885e+02;1.429333352e-02
4.516763916e+02;1.521451515e-03
4.518971252e+02;5.372409243e-03
4.521178894e+02;6.258960813e-03
4.523386536e+02;5.815685261e-03
4.525594177e+02;3.183735535e-03
4.527802124e+02;3.024433390e-04
4.530010071e+02;-3.714742837e-03
4.532218018e+02;6.314370316e-03
4.534426270e+02;1.324055344e-02
4.536634827e+02;3.710125340e-03
4.538843384e+02;9.611233138e-03
4.541051941e+02;2.629640745e-03
4.543260498e+02;2.518821973e-03
4.545469666e+02;1.639889181e-02
4.547678528e+02;1.016532816e-02
4.549887695e+02;9.306481108e-03
4.552096863e+02;-9.165648953e-04
4.554306335e+02;3.045211779e-03
4.556515808e+02;1.487513259e-02
4.558725586e+02;-1.408323878e-04
4.560935364e+02;8.475339040e-03
4.563145447e+02;1.013762318e-02
4.565355530e+02;1.440415159e-02
4.567565613e+02;8.142882958e-03
4.569776001e+02;1.601102576e-02
4.571986389e+02;9.057139046e-03
4.574196777e+02;8.807796054e-03
4.576407471e+02;1.227088738e-02
4.578618469e+02;1.958493702e-02
4.580829468e+02;1.501365658e-02
4.583040466e+02;9.555824101e-03
4.585251770e+02;8.087472990e-03
4.587463074e+02;8.475339040e-03
4.589674683e+02;9.694347158e-03
4.591886292e+02;1.272108988e-03
4.594097900e+02;9.888281114e-03
4.596309814e+02;7.588787936e-03
4.598521729e+02;8.253701031e-03
4.600733948e+02;7.450264413e-03
4.602946167e+02;8.669272065e-03
4.605158691e+02;6.840760354e-03
4.607370911e+02;1.426562853e-02
4.609583740e+02;4.208810627e-03
4.611796570e+02;1.346219145e-02
4.614009399e+02;4.042582121e-03
4.616222534e+02;1.110728923e-02
4.618435669e+02;4.014877602e-03
4.620648804e+02;8.336815983e-03
4.622862244e+02;7.976653986e-03
4.625075684e+02;4.735200666e-03
4.627289429e+02;6.674531847e-03
4.629503174e+02;8.613863029e-03
4.631717224e+02;9.084843099e-03
4.633931274e+02;1.980657503e-02
4.636145325e+02;8.004358970e-03
4.638359680e+02;2.169049717e-02
4.640574341e+02;1.504136063e-02
4.642788696e+02;1.950182207e-02
4.645003357e+02;2.795176581e-02
4.647218323e+02;1.861527190e-02
4.649433289e+02;2.725914866e-02
4.651648254e+02;3.041748703e-02
4.653863525e+02;4.174872115e-02
4.656078796e+02;4.246904701e-02
4.658294373e+02;2.008362301e-02
4.660509949e+02;3.124862909e-02
4.662725830e+02;1.462578960e-02
4.664941711e+02;1.373923849e-02
4.667157593e+02;2.210606821e-02
4.669373779e+02;8.142882958e-03
4.671589966e+02;1.143974531e-02
4.673806458e+02;1.099647023e-02
4.676022949e+02;5.649456754e-03
4.678239441e+02;2.365753241e-02
4.680456238e+02;1.274186838e-02
4.682673035e+02;1.869838499e-02
4.684890137e+02;2.626177669e-02
4.687107239e+02;2.080394514e-02
4.689324646e+02;1.847674698e-02
4.691541748e+02;2.781324275e-02
4.693759460e+02;3.113781102e-02
4.695977173e+02;3.997562081e-02
4.698194885e+02;4.690180346e-02
4.700412903e+02;5.443748832e-02
4.702630920e+02;4.756671563e-02
4.704848938e+02;5.188865587e-02
4.707067261e+02;4.149938002e-02
4.709285583e+02;6.806822121e-02
4.711504211e+02;1.245304644e-01
4.713722839e+02;1.378841400e-01
4.715941772e+02;8.327811956e-02
4.718160706e+02;5.806681141e-02
4.720379639e+02;5.011555180e-02
4.722598877e+02;9.724130481e-02
4.724818115e+02;2.362982742e-02
4.727037659e+02;1.584479772e-02
4.729257202e+02;3.156030783e-03
4.731476746e+02;4.846019205e-03
4.733696594e+02;1.423792355e-02
4.735916748e+02;6.349001196e-04
4.738136597e+02;1.202154532e-02
4.740357056e+02;3.793239594e-03
4.742577209e+02;-3.347655002e-04
4.744797668e+02;8.032063954e-03
4.747018433e+02;4.679791164e-03
4.749238892e+02;6.702236366e-03
4.751459961e+02;8.336815983e-03
4.753680725e+02;-6.395175587e-04
4.755901794e+02;2.747385879e-04
4.758123169e+02;-2.274096711e-03
4.760344543e+02;7.062397897e-03
4.762565918e+02;-8.057459490e-04
4.764787598e+02;9.119474562e-04
4.767009277e+02;7.200921420e-03
4.769231262e+02;4.347334150e-03
4.771453247e+02;4.541267175e-03
4.773675232e+02;1.459808555e-02
4.775897522e+02;4.901428707e-03
4.778119812e+02;-3.022124525e-03
4.780342407e+02;-3.631628584e-03
4.782565002e+02;2.408002969e-03
4.784787598e+02;6.397484336e-03
4.787010498e+02;-1.082793227e-03
4.789233704e+02;2.574231476e-03
4.791456604e+02;8.059768006e-03
4.793680115e+02;6.258960813e-03
4.795903320e+02;1.196613535e-02
4.798126831e+02;7.810425945e-03
4.800350647e+02;7.838130929e-03
4.802574158e+02;9.389595129e-03
4.804798279e+02;5.871094298e-03
4.807022095e+02;3.654715838e-03
4.809246216e+02;1.299813739e-03
4.811470642e+02;-5.286986125e-04
4.813695068e+02;1.105187926e-02
4.815919495e+02;7.561082952e-03
4.818144226e+02;4.014877602e-03
4.820368958e+02;9.971395135e-03
4.822593994e+02;2.435707720e-03
4.824818726e+02;6.286665332e-03
4.827044067e+02;5.483228248e-03
4.829269409e+02;5.400114227e-03
4.831494751e+02;4.236515146e-03
4.833720398e+02;5.067657214e-03
4.835946045e+02;7.450264413e-03
4.838171692e+02;-3.001345976e-05
4.840397644e+02;3.543897066e-03
4.842623596e+02;4.846019205e-03
4.844849854e+02;1.493746764e-03
4.847076111e+02;5.787980277e-03
4.849302368e+02;-1.249021734e-03
4.851528931e+02;7.062397897e-03
4.853755798e+02;6.314370316e-03
4.855982666e+02;-9.442696464e-04
4.858209534e+02;4.686717293e-04
4.860436401e+02;-1.387545373e-03
4.862663574e+02;2.823574003e-03
4.864891052e+02;3.377668560e-03
4.867118530e+02;1.385005750e-02
4.869346008e+02;6.896169391e-03
4.871573486e+02;9.361891076e-03
4.873801270e+02;1.005450916e-02
4.876029358e+02;7.450264413e-03
4.878257446e+02;3.848649096e-03
4.880485535e+02;1.937022549e-03
4.882713928e+02;6.536007859e-03
4.884942322e+02;6.785350852e-03
4.887170715e+02;8.419930004e-03
4.889399414e+02;7.034693379e-03
4.891628418e+02;7.921244949e-03
4.893857422e+02;6.425189320e-03
4.896086426e+02;1.188994735e-03
4.898315430e+02;2.470338659e-04
4.900544739e+02;-3.022124525e-03
4.902774353e+02;1.249252539e-02
4.905003967e+02;4.153401125e-03
4.907233582e+02;4.485857673e-03
4.909463196e+02;2.657345496e-03
4.911693420e+02;5.039952695e-03
4.913923340e+02;8.530749008e-03
4.916153564e+02;1.426562853e-02
4.918383789e+02;6.071953685e-04
4.920614319e+02;9.943690151e-03
4.922844849e+02;1.285268739e-02
4.925075684e+02;6.896169391e-03
4.927306213e+02;6.923874374e-03
4.929537354e+02;1.138433628e-02
4.931768494e+02;1.604565769e-03
4.933999634e+02;-1.193612232e-03
4.936230774e+02;5.372409243e-03
4.938462219e+02;2.629640745e-03
4.940693970e+02;9.361891076e-03
4.942925415e+02;-5.286986125e-04
4.945157471e+02;7.090102881e-03
4.947389221e+02;7.394854911e-03
4.949621277e+02;7.734237588e-04
4.951853638e+02;9.396521491e-04
4.954085999e+02;1.310202945e-02
4.956318359e+02;-1.962418464e-04
4.958551025e+02;4.485857673e-03
4.960783691e+02;-3.880971344e-03
4.963016357e+02;-4.795227200e-03
4.965249329e+02;3.266849788e-03
4.967482300e+02;-1.720002154e-03
4.969715576e+02;5.123066716e-03
4.971948853e+02;-4.795227200e-03
4.974182434e+02;9.389595129e-03
4.976416016e+02;3.377668560e-03
4.978649597e+02;8.032063954e-03
4.980883484e+02;2.823574003e-03
4.983117371e+02;2.906688256e-03
4.985351257e+02;7.533378433e-03
4.987585449e+02;6.342074834e-03
4.989819946e+02;1.909317798e-03
4.992054443e+02;1.265875343e-02
4.994288940e+02;-1.685371244e-04
4.996523438e+02;1.257563941e-02
4.998758545e+02;6.702236366e-03
5.000993347e+02;9.140253067e-03
5.003228455e+02;5.566342268e-03
5.005463562e+02;1.335137244e-02
5.007698975e+02;1.077483222e-02
5.009934387e+02;1.864297688e-02
5.012169800e+02;2.268786728e-02
5.014405518e+02;1.035926118e-02
5.016641235e+02;7.921244949e-03
5.018877258e+02;4.873724189e-03
5.021113281e+02;1.318514347e-02
5.023349609e+02;3.654715838e-03
5.025585938e+02;3.876353847e-03
5.027822266e+02;6.349001196e-04
5.030058899e+02;8.142882958e-03
5.032295532e+02;-2.516513050e-04
5.034532166e+02;9.417300113e-03
5.036769104e+02;2.352593467e-03
5.039006042e+02;8.170587011e-03
5.041243286e+02;5.123066716e-03
5.043480530e+02;-1.221316983e-03
5.045718079e+02;1.296350639e-02
5.047955627e+02;6.757645868e-03
5.050193176e+02;8.011285099e-04
5.052431030e+02;-2.301801462e-03
5.054668884e+02;9.278776124e-03
5.056907043e+02;2.518821973e-03
5.059145203e+02;6.120437291e-03
5.061383362e+02;8.288332610e-04
5.063621826e+02;6.231255829e-03
5.065860291e+02;1.937022549e-03
5.068099060e+02;3.100621281e-03
5.070337830e+02;6.674531847e-03
5.072576599e+02;9.112548083e-03
5.074815674e+02;2.989802277e-03
5.077054749e+02;9.334186092e-03
5.079294128e+02;3.239145037e-03
5.081533508e+02;6.896169391e-03
5.083773193e+02;1.272108988e-03
5.086012573e+02;5.455523729e-03
5.088252563e+02;1.272108988e-03
5.090492249e+02;-1.692297403e-03
5.092732239e+02;-3.049829276e-03
5.094972534e+02;4.070287105e-03
5.097212830e+02;4.402743652e-03
5.099453125e+02;3.349963808e-03
5.101693726e+02;9.500414133e-03
5.103934326e+02;-2.772781998e-03
5.106174927e+02;-1.858525793e-03
5.108415833e+02;3.433078062e-03
5.110656738e+02;-5.841081147e-04
5.112897949e+02;5.261590239e-03
5.115139160e+02;7.671901956e-03
5.117380676e+02;8.281406015e-03
5.119622192e+02;8.890910074e-03
5.121863403e+02;3.578527831e-04
5.124105225e+02;4.513562657e-03
5.126347046e+02;3.627011087e-03
5.128589478e+02;-2.578848740e-03
5.130831299e+02;2.435707720e-03
5.133073730e+02;5.123066716e-03
5.135316162e+02;-3.132943530e-03
5.137558594e+02;9.777462110e-03
5.139801025e+02;5.455523729e-03
5.142043457e+02;7.090102881e-03
5.144286499e+02;6.148141809e-03
5.146529541e+02;3.627011087e-03
5.148772583e+02;1.681446284e-02
5.151015625e+02;1.501365658e-02
5.153259277e+02;1.526299864e-02
5.155502319e+02;1.246482041e-02
5.157745972e+02;3.987172619e-03
5.159989624e+02;5.400114227e-03
5.162233887e+02;7.284035906e-03
5.164477539e+02;9.167958051e-03
5.166721802e+02;3.183735535e-03
5.168966064e+02;6.674531847e-03
5.171210327e+02;3.599306569e-03
5.173454590e+02;1.604565769e-03
5.175698853e+02;1.327518374e-03
5.177943726e+02;8.004358970e-03
5.180188599e+02;1.549156266e-03
5.182433472e+02;1.058089919e-02
5.184678345e+02;1.102417428e-02
5.186923828e+02;5.898799282e-03
5.189169312e+02;6.619122345e-03
5.191414185e+02;7.339445408e-03
5.193660278e+02;6.286665332e-03
5.195905762e+02;7.173216902e-03
5.198151245e+02;6.314370316e-03
5.200397339e+02;1.077483222e-02
5.202643433e+02;6.979283877e-03
5.204889526e+02;8.004358970e-03
5.207135620e+02;5.677161273e-03
5.209382324e+02;6.175846327e-03
5.211628418e+02;4.818314686e-03
5.213875122e+02;9.251072071e-03
5.216121826e+02;2.024985105e-02
5.218369141e+02;7.976653986e-03
5.220615845e+02;1.964034699e-02
5.222863159e+02;1.620495878e-02
5.225110474e+02;1.312973443e-02
5.227357788e+02;9.389595129e-03
5.229605103e+02;1.767330989e-02
5.231852417e+02;3.036207706e-02
5.234100342e+02;3.709432855e-02
5.236348267e+02;2.579079755e-02
5.238596191e+02;1.878149994e-02
5.240844116e+02;1.662052982e-02
5.243092651e+02;1.673134975e-02
5.245340576e+02;2.934392774e-03
5.247589111e+02;8.281406015e-03
5.249837646e+02;1.743089408e-03
5.252086792e+02;8.309110999e-03
5.254335327e+02;-4.455844464e-04
5.256584473e+02;1.354530547e-02
5.258833618e+02;3.848649096e-03
5.261082764e+02;7.893539965e-03
5.263331909e+02;6.425189320e-03
5.265581055e+02;7.367149927e-03
5.267830811e+02;7.090102881e-03
5.270080566e+02;-3.077534027e-03
5.272330322e+02;4.402743652e-03
5.274580078e+02;4.236515146e-03
5.276830444e+02;3.460782813e-03
5.279080200e+02;5.067657214e-03
5.281330566e+02;2.020136686e-03
5.283580933e+02;9.673569002e-04
5.285831299e+02;9.057139046e-03
5.288082275e+02;7.394854911e-03
5.290333252e+02;4.409669782e-04
5.292583618e+02;-1.775411540e-03
5.294834595e+02;4.818314686e-03
5.297086182e+02;5.815685261e-03
5.299337158e+02;4.402743652e-03
5.301588745e+02;6.536007859e-03
5.303840332e+02;3.820944345e-03
5.306091919e+02;9.306481108e-03
5.308343506e+02;4.458153155e-03
5.310595093e+02;-2.717372496e-03
5.312847290e+02;4.679791164e-03
5.315099487e+02;4.485857673e-03
5.317351685e+02;1.437644754e-02
5.319603882e+02;9.749757126e-03
5.321856079e+02;6.065027788e-03
5.324108887e+02;1.937022549e-03
5.326361694e+02;-1.609183149e-03
5.328614502e+02;6.702236366e-03
5.330867310e+02;5.316999741e-03
5.333120117e+02;1.161289983e-03
5.335373535e+02;1.085794624e-02
5.337626953e+02;8.890910074e-03
5.339880371e+02;7.561082952e-03
5.342133789e+02;-2.855896251e-03
5.344387207e+02;5.427818745e-03
5.346641235e+02;-5.286986125e-04
5.348895264e+02;4.236515146e-03
5.351149292e+02;4.873724189e-03
5.353403320e+02;-3.132943530e-03
5.355657349e+02;1.348989550e-02
5.357911987e+02;3.737830091e-03
5.360166626e+02;9.472710080e-03
5.362421265e+02;4.125696141e-03
5.364675903e+02;1.107958425e-02
5.366930542e+02;1.196613535e-02
5.369185791e+02;9.396521491e-04
5.371440430e+02;4.485857673e-03
5.373695679e+02;1.521451515e-03
5.375951538e+02;1.631577872e-02
5.378206787e+02;6.037322804e-03
5.380462036e+02;1.565086469e-02
5.382717896e+02;1.351760048e-02
5.384973755e+02;8.696977049e-03
5.387229614e+02;1.324055344e-02
5.389486084e+02;-1.193612232e-03
5.391741943e+02;6.231255829e-03
5.393998413e+02;1.659975154e-03
5.396254883e+02;1.146745030e-02
5.398511353e+02;1.290809643e-02
5.400767822e+02;3.349963808e-03
5.403024902e+02;1.096876524e-02
5.405281372e+02;1.639196707e-04
5.407538452e+02;8.309110999e-03
5.409795532e+02;9.722052142e-03
5.412053223e+02;2.061001211e-02
5.414310303e+02;8.641568013e-03
5.416567993e+02;1.534611266e-02
5.418825684e+02;6.923874374e-03
5.421083374e+02;2.380298218e-03
5.423341064e+02;7.810425945e-03
5.425598755e+02;1.839363389e-02
5.427857056e+02;1.033155620e-02
5.430115356e+02;9.140253067e-03
5.432373657e+02;1.466042129e-03
5.434631958e+02;9.805166163e-03
5.436890869e+02;-4.573589657e-03
5.439149170e+02;1.047008019e-02
5.441408081e+02;1.850445196e-02
5.443666992e+02;8.392225020e-03
5.445925903e+02;7.921244949e-03
5.448185425e+02;8.059768006e-03
5.450444336e+02;9.251072071e-03
5.452703857e+02;3.460782813e-03
5.454963379e+02;3.322259057e-03
5.457222900e+02;5.261590239e-03
5.459483032e+02;7.228626404e-03
5.461742554e+02;3.765534842e-03
5.464002686e+02;7.533378433e-03
5.466262817e+02;1.091335621e-02
5.468522949e+02;7.533378433e-03
5.470783691e+02;4.347334150e-03
5.473043823e+02;1.174449734e-02
5.475304565e+02;1.216006838e-02
5.477565308e+02;1.964727184e-03
5.479826050e+02;6.120437291e-03
5.482086792e+02;1.152286027e-02
5.484348145e+02;4.132622562e-04
5.486609497e+02;5.483228248e-03
5.488870850e+02;8.059768006e-03
5.491132202e+02;8.253701031e-03
5.493393555e+02;8.115177974e-03
5.495654907e+02;9.943690151e-03
5.497916870e+02;6.903095637e-04
5.500178833e+02;6.397484336e-03
5.502440796e+02;1.088565122e-02
5.504702759e+02;5.871094298e-03
5.506965332e+02;1.770794159e-03
5.509227905e+02;2.657345496e-03
5.511489868e+02;1.490283757e-02
5.513753052e+02;2.269479213e-03
5.516015625e+02;2.241774695e-03
5.518278198e+02;1.337907650e-02
5.520541382e+02;8.011285099e-04
5.522804565e+02;1.742396690e-02
5.525067749e+02;8.780091070e-03
5.527330933e+02;1.102417428e-02
5.529594116e+02;7.034693379e-03
5.531857910e+02;5.095362198e-03
5.534121704e+02;2.906688256e-03
5.536385498e+02;6.536007859e-03
5.538649292e+02;9.119474562e-04
5.540913086e+02;8.752387017e-03
5.543177490e+02;5.538637750e-03
5.545441895e+02;1.371153351e-02
5.547706299e+02;7.256330922e-03
5.549970703e+02;5.150771234e-03
5.552235107e+02;2.740459749e-03
5.554500122e+02;7.561082952e-03
5.556764526e+02;1.272108988e-03
5.559029541e+02;1.229859237e-02
5.561295166e+02;1.673134975e-02
5.563560181e+02;4.735200666e-03
5.565825195e+02;1.196613535e-02
5.568090820e+02;1.590020768e-02
5.570356445e+02;1.632270520e-03
5.572622070e+02;1.343448646e-02
5.574887695e+02;1.141204126e-02
5.577153931e+02;2.382376045e-02
5.579420166e+02;9.666643105e-03
5.581685791e+02;3.516192315e-03
5.583952026e+02;1.324055344e-02
5.586218872e+02;1.035926118e-02
5.588485107e+02;6.979283877e-03
5.590751953e+02;3.654715838e-03
5.593018799e+02;1.188302133e-02
5.595285645e+02;1.002680417e-02
5.597552490e+02;1.022073720e-02
5.599819336e+02;1.229859237e-02
5.602086792e+02;2.022214606e-02
5.604354248e+02;2.110869810e-02
5.606621704e+02;7.727311458e-03
5.608889160e+02;1.731314883e-02
5.611156616e+02;1.376694348e-02
5.613424683e+02;1.343448646e-02
5.615692139e+02;6.175846327e-03
5.617960205e+02;8.198291995e-03
5.620228271e+02;2.601935994e-03
5.622496948e+02;4.762905184e-03
5.624765015e+02;4.762905184e-03
5.627033691e+02;1.881613047e-03
5.629302368e+02;1.119040325e-02
5.631571045e+02;3.266849788e-03
5.633839722e+02;9.555824101e-03
5.636109009e+02;2.214069944e-03
5.638377686e+02;9.528119117e-03
5.640646973e+02;1.132892631e-02
5.642916260e+02;2.193291293e-04
5.645186157e+02;6.813055370e-03
5.647455444e+02;1.554004569e-02
5.649725342e+02;3.072916530e-03
5.651994629e+02;2.962097526e-03
5.654264526e+02;2.574231476e-03
5.656535034e+02;1.798498910e-03
5.658804932e+02;1.601102576e-02
5.661075439e+02;7.200921420e-03
5.663345337e+02;4.264220130e-03
5.665615845e+02;7.367149927e-03
5.667886963e+02;9.805166163e-03
5.670157471e+02;6.203551311e-03
5.672427979e+02;9.389595129e-03
5.674699097e+02;1.077483222e-02
5.676970215e+02;1.083024126e-02
5.679241333e+02;3.848649096e-03
5.681512451e+02;5.815685261e-03
5.683784180e+02;1.099647023e-02
5.686055908e+02;1.858756691e-02
5.688327637e+02;1.637118869e-02
5.690599365e+02;9.251072071e-03
5.692871094e+02;6.203551311e-03
5.695142822e+02;1.634348370e-02
5.697415161e+02;2.922618389e-02
5.699687500e+02;5.150771234e-03
5.701959839e+02;8.918615058e-03
5.704232178e+02;8.309110999e-03
5.706504517e+02;3.349963808e-03
5.708777466e+02;3.017507028e-03
5.711050415e+02;8.890910074e-03
5.713323364e+02;1.008221414e-02
5.715596313e+02;4.430448636e-03
5.717869263e+02;6.951578893e-03
5.720142822e+02;7.727311458e-03
5.722415771e+02;1.229859237e-02
5.724689331e+02;2.989802277e-03
5.726963501e+02;8.835501038e-03
5.729237061e+02;-3.001345976e-05
5.731510620e+02;1.825510897e-02
5.733784790e+02;1.357301045e-02
5.736058960e+02;2.210606821e-02
5.738333130e+02;1.648200676e-02
5.740607300e+02;1.409939956e-02
5.742882080e+02;1.703610085e-02
5.745156250e+02;2.468260750e-02
5.747431030e+02;1.839363389e-02
5.749705811e+02;1.534611266e-02
5.751980591e+02;2.465490252e-02
5.754255981e+02;1.531840861e-02
5.756530762e+02;2.482113056e-02
5.758806152e+02;2.196754329e-02
5.761081543e+02;1.855986193e-02
5.763356934e+02;1.905854791e-02
5.765632324e+02;1.814429089e-02
5.767908325e+02;2.232770622e-02
5.770184326e+02;1.312973443e-02
5.772460327e+02;1.216006838e-02
5.774736328e+02;2.160738222e-02
5.777012329e+02;2.008362301e-02
5.779288330e+02;1.878149994e-02
5.781564941e+02;3.327107430e-02
5.783841553e+02;1.418251451e-02
5.786118164e+02;2.199524827e-02
5.788394775e+02;2.548604459e-02
5.790671997e+02;2.041607909e-02
5.792948608e+02;1.930788904e-02
5.795225830e+02;2.518129349e-02
5.797503052e+02;2.953093499e-02
5.799780273e+02;2.396228537e-02
5.802057495e+02;2.831192687e-02
5.804335327e+02;2.961404994e-02
5.806613159e+02;3.277238831e-02
5.808890991e+02;3.329877928e-02
5.811168823e+02;3.232911229e-02
5.813446655e+02;2.285409532e-02
5.815725098e+02;2.285409532e-02
5.818002930e+02;2.329737134e-02
5.820281372e+02;1.565086469e-02
5.822559814e+02;1.889231801e-02
5.824838257e+02;1.246482041e-02
5.827117310e+02;1.271416340e-02
5.829395752e+02;1.418251451e-02
5.831674805e+02;1.950182207e-02
5.833953857e+02;1.933559403e-02
5.836232910e+02;2.091476321e-02
5.838512573e+02;2.881061286e-02
5.840791626e+02;2.479342744e-02
5.843071289e+02;3.019584902e-02
5.845350952e+02;2.853356488e-02
5.847630615e+02;2.947552688e-02
5.849910278e+02;2.814569883e-02
5.852190552e+02;2.451637946e-02
5.854470825e+02;3.435155749e-02
5.856751099e+02;3.545974940e-02
5.859031372e+02;2.692669071e-02
5.861311646e+02;2.651111968e-02
5.863591919e+02;3.726055473e-02
5.865872803e+02;2.881061286e-02
5.868153687e+02;2.385146543e-02
5.870434570e+02;3.022355400e-02
5.872715454e+02;1.850445196e-02
5.874996338e+02;2.324196137e-02
5.877277832e+02;2.008362301e-02
5.879559326e+02;1.166138332e-02
5.881840210e+02;1.842133887e-02
5.884122314e+02;2.462719753e-02
5.886403809e+02;2.157967724e-02
5.888685303e+02;2.138574421e-02
5.890967407e+02;2.121951617e-02
5.893249512e+02;3.158108518e-02
5.895531616e+02;3.088846803e-02
5.897813721e+02;2.049919218e-02
5.900096436e+02;2.382376045e-02
5.902378540e+02;2.942011692e-02
5.904661255e+02;2.435015142e-02
5.906943970e+02;2.099787816e-02
5.909226685e+02;3.202436119e-02
5.911510010e+02;2.144115418e-02
5.913792725e+02;2.761930972e-02
5.916076050e+02;2.423933148e-02
5.918359375e+02;2.969716489e-02
5.920642700e+02;1.991739310e-02
5.922926025e+02;1.191072632e-02
5.925209961e+02;1.235400140e-02
5.927493286e+02;1.880920492e-02
5.929777222e+02;1.562316064e-02
5.932061157e+02;2.121951617e-02
5.934345093e+02;2.094246820e-02
5.936629639e+02;1.723003387e-02
5.938913574e+02;2.376835234e-02
5.941198120e+02;2.720373869e-02
5.943482666e+02;2.495965548e-02
5.945767212e+02;2.205065824e-02
5.948052368e+02;2.385146543e-02
5.950336914e+02;1.626036875e-02
5.952622070e+02;1.603873074e-02
5.954907227e+02;3.074994311e-02
5.957192383e+02;2.786865272e-02
5.959477539e+02;2.759160474e-02
5.961763306e+02;2.687128074e-02
5.964048462e+02;2.623407356e-02
5.966334229e+02;2.925388888e-02
5.968619995e+02;1.975116506e-02
5.970905762e+02;2.365753241e-02
5.973192139e+02;2.817340381e-02
5.975477905e+02;1.634348370e-02
5.977764282e+02;1.653741673e-02
5.980050659e+02;2.293721028e-02
5.982337036e+02;2.595702559e-02
5.984623413e+02;1.623266377e-02
5.986910400e+02;2.061001211e-02
5.989197388e+02;3.615236655e-02
5.991483765e+02;2.936470695e-02
5.993771362e+02;3.127633408e-02
5.996058350e+02;3.543204442e-02
5.998345337e+02;3.595843539e-02
6.000632935e+02;3.038978204e-02
6.002920532e+02;3.523810953e-02
6.005208130e+02;3.313254938e-02
6.007495728e+02;3.202436119e-02
6.009783325e+02;3.210747615e-02
6.012071533e+02;3.465631232e-02
6.014359131e+02;3.249534220e-02
6.016647339e+02;2.961404994e-02
6.018935547e+02;3.174731508e-02
6.021224365e+02;3.360353038e-02
6.023512573e+02;3.651252761e-02
6.025801392e+02;3.158108518e-02
6.028089600e+02;3.454549238e-02
6.030378418e+02;1.955723204e-02
6.032667847e+02;1.443185657e-02
6.034956665e+02;1.637118869e-02
6.037246094e+02;2.000050806e-02
6.039534912e+02;1.905854791e-02
6.041824341e+02;1.800576784e-02
6.044113770e+02;2.083165012e-02
6.046403809e+02;2.307573333e-02
6.048693237e+02;3.728825971e-02
6.050983276e+02;2.792406082e-02
6.053273315e+02;2.881061286e-02
6.055563354e+02;3.415762633e-02
6.057853394e+02;2.659423463e-02
6.060143433e+02;2.640030161e-02
6.062434082e+02;2.842274681e-02
6.064724731e+02;2.742537670e-02
6.067015381e+02;2.972486801e-02
6.069306030e+02;3.321566433e-02
6.071596680e+02;2.290950529e-02
6.073887329e+02;3.393598646e-02
6.076178589e+02;3.368664533e-02
6.078469849e+02;3.612466156e-02
6.080761108e+02;2.509817854e-02
6.083052368e+02;2.329737134e-02
6.085344238e+02;1.678675972e-02
6.087635498e+02;1.312973443e-02
6.089927368e+02;1.628807373e-02
6.092219238e+02;1.224318333e-02
6.094511108e+02;1.049778517e-02
6.096803589e+02;6.009618286e-03
6.099095459e+02;8.863206021e-03
6.101387939e+02;1.897543296e-02
6.103680420e+02;4.402743652e-03
6.105972900e+02;2.146885917e-02
6.108265381e+02;1.545693167e-02
6.110557861e+02;2.351900935e-02
6.112850952e+02;1.858756691e-02
6.115144043e+02;1.681446284e-02
6.117437134e+02;1.603873074e-02
6.119730225e+02;2.116410621e-02
6.122023315e+02;1.047008019e-02
6.124317017e+02;2.293721028e-02
6.126610718e+02;2.083165012e-02
6.128903809e+02;1.797806285e-02
6.131197510e+02;2.227229625e-02
6.133491821e+02;2.094246820e-02
6.135785522e+02;1.637118869e-02
6.138079834e+02;1.601102576e-02
6.140374146e+02;1.290809643e-02
6.142668457e+02;1.634348370e-02
6.144962769e+02;1.570627466e-02
6.147257080e+02;1.725773886e-02
6.149552002e+02;1.645430177e-02
6.151846313e+02;9.195662104e-03
6.154141235e+02;6.702236366e-03
6.156436157e+02;1.457038056e-02
6.158731689e+02;1.016532816e-02
6.161026611e+02;1.310202945e-02
6.163322144e+02;5.455523729e-03
6.165617065e+02;1.883690991e-02
6.167912598e+02;2.268786728e-02
6.170208740e+02;2.152426727e-02
6.172504272e+02;1.853215694e-02
6.174800415e+02;1.764560491e-02
6.177095947e+02;2.354671434e-02
6.179392090e+02;1.717462577e-02
6.181688232e+02;1.058089919e-02
6.183984375e+02;1.116269827e-02
6.186281128e+02;1.612184569e-02
6.188577881e+02;1.066401321e-02
6.190874023e+02;2.315884829e-02
6.193170776e+02;2.049919218e-02
6.195467529e+02;1.747937687e-02
6.197764893e+02;1.423792355e-02
6.200061646e+02;-1.055088593e-03
6.202359009e+02;1.013762318e-02
6.204656372e+02;9.417300113e-03
6.206953735e+02;1.700839773e-02
6.209251099e+02;1.326825842e-02
6.211549072e+02;1.401628554e-02
6.213846436e+02;9.888281114e-03
6.216144409e+02;2.463412471e-03
6.218442383e+02;1.257563941e-02
6.220740356e+02;8.946320042e-03
6.223038940e+02;1.310202945e-02
6.225336914e+02;2.851278754e-03
6.227635498e+02;9.999099188e-03
6.229934082e+02;9.860576130e-03
6.232232666e+02;1.659282669e-02
6.234531250e+02;1.307432447e-02
6.236829834e+02;1.612184569e-02
6.239129028e+02;1.642659679e-02
6.241428223e+02;1.376694348e-02
6.243727417e+02;1.193843130e-02
6.246026611e+02;1.348989550e-02
6.248325806e+02;2.088706009e-02
6.250625610e+02;1.689757779e-02
6.252924805e+02;9.472710080e-03
6.255224609e+02;1.249252539e-02
6.257524414e+02;1.296350639e-02
6.259824829e+02;1.016532816e-02
6.262124634e+02;2.113640122e-02
6.264425049e+02;1.495824661e-02
6.266724854e+02;1.592791267e-02
6.269025269e+02;1.243711635e-02
6.271325684e+02;4.153401125e-03
6.273626709e+02;7.755016442e-03
6.275927124e+02;6.397484336e-03
6.278228149e+02;9.167958051e-03
6.280529175e+02;1.105880598e-03
6.282830200e+02;4.402743652e-03
6.285131226e+02;8.613863029e-03
6.287432251e+02;1.107958425e-02
6.289733887e+02;1.157826930e-02
6.292035522e+02;6.702236366e-03
6.294337158e+02;6.480598822e-03
6.296638794e+02;2.243852429e-02
6.298940430e+02;1.709151082e-02
6.301242065e+02;2.587391064e-02
6.303544312e+02;2.047148906e-02
6.305846558e+02;1.786724292e-02
6.308148804e+02;2.099787816e-02
6.310451050e+02;1.271416340e-02
6.312753296e+02;2.207836322e-02
6.315056152e+02;1.892599277e-02
6.317359009e+02;2.213508263e-02
6.319661865e+02;2.177063376e-02
6.321964722e+02;2.046695724e-02
6.324267578e+02;3.228423372e-02
6.326570435e+02;2.224635333e-02
6.328873901e+02;1.870779134e-02
6.331177368e+02;1.736677438e-02
6.333480835e+02;1.875180379e-02
6.335784302e+02;1.871537231e-02
6.338087769e+02;8.556045592e-03
6.340391846e+02;2.051172592e-02
6.342695312e+02;1.075920183e-02
6.344999390e+02;1.452644449e-02
6.347303467e+02;2.497061715e-02
6.349607544e+02;1.240633149e-02
6.351912231e+02;7.120598108e-03
6.354216309e+02;1.217015646e-02
6.356520996e+02;1.888554543e-02
6.358825684e+02;1.634671167e-02
6.361130371e+02;1.581175998e-02
6.363435059e+02;2.026670612e-02
6.365740356e+02;1.774391904e-02
6.368045654e+02;2.703214623e-02
6.370350342e+02;2.586359717e-02
6.372655640e+02;2.719232813e-02
6.374961548e+02;2.789374813e-02
6.377266846e+02;3.840406612e-02
6.379572144e+02;3.050705977e-02
6.381878052e+02;3.797759861e-02
6.384183960e+02;2.716121078e-02
6.386489868e+02;3.552018106e-02
6.388795776e+02;2.894762903e-02
6.391102295e+02;2.973559685e-02
6.393408203e+02;4.266503081e-02
6.395714722e+02;2.607771195e-02
6.398021240e+02;2.603759430e-02
6.400327759e+02;2.215059288e-02
6.402634277e+02;3.919343278e-02
6.404941406e+02;2.124014497e-02
6.407248535e+02;1.791519485e-02
6.409555054e+02;2.498975769e-02
6.411862793e+02;1.594933122e-02
6.414169922e+02;1.530688722e-02
6.416477051e+02;1.862954162e-02
6.418784790e+02;2.472623996e-02
6.421091919e+02;1.405247673e-02
6.423399658e+02;1.574890874e-02
6.425707397e+02;1.436652988e-02
6.428015747e+02;1.377128437e-02
6.430323486e+02;2.198887616e-02
6.432631836e+02;1.508847717e-02
6.434939575e+02;1.130773313e-02
6.437247925e+02;2.280387282e-02
6.439556885e+02;3.363403305e-02
6.441865234e+02;3.346299008e-02
6.444173584e+02;3.323160112e-02
6.446482544e+02;4.204165936e-02
6.448791504e+02;4.038813338e-02
6.451100464e+02;3.528461605e-02
6.453409424e+02;3.452109173e-02
6.455718384e+02;3.384646401e-02
6.458027954e+02;3.275014833e-02
6.460337524e+02;4.021518677e-02
6.462647095e+02;3.581991047e-02
6.464956665e+02;3.767612576e-02
6.467266235e+02;3.919988871e-02
6.469575806e+02;3.969857097e-02
6.471885986e+02;3.479483351e-02
6.474196167e+02;2.850585990e-02
6.476506348e+02;4.149938002e-02
6.478816528e+02;3.606925160e-02
6.481126709e+02;3.487794846e-02
6.483437500e+02;1.698069274e-02
6.485747681e+02;1.127351727e-02
6.488058472e+02;2.041607909e-02
6.490369263e+02;2.648341469e-02
6.492680054e+02;3.022355400e-02
6.494991455e+02;2.917077392e-02
6.497302246e+02;2.950323187e-02
6.499613647e+02;1.864297688e-02
6.501925049e+02;1.584479772e-02
6.504236450e+02;2.387917042e-02
6.506547852e+02;2.911536396e-02
6.508859863e+02;3.798088059e-02
6.511171265e+02;3.210747615e-02
6.513483276e+02;2.767471783e-02
6.515795288e+02;4.149938002e-02
6.518107300e+02;4.717884958e-02
6.520419922e+02;5.715255439e-02
6.522731934e+02;5.399421602e-02
6.525044556e+02;6.283202022e-02
6.527356567e+02;6.923181564e-02
6.529669189e+02;5.307995901e-02
6.531982422e+02;5.496387929e-02
6.534295044e+02;5.061423779e-02
6.536608276e+02;5.573961139e-02
6.538920898e+02;5.235963687e-02
6.541234131e+02;6.734789163e-02
6.543547363e+02;7.172524184e-02
6.545860596e+02;5.923040956e-02
6.548174438e+02;5.072505772e-02
6.550487671e+02;6.587954611e-02
6.552801514e+02;5.537945032e-02
6.555115356e+02;6.355234981e-02
6.557429199e+02;5.141767487e-02
6.559743042e+02;3.526581451e-02
6.562057495e+02;3.135944903e-02
6.564371338e+02;3.072223999e-02
6.566685791e+02;2.476572245e-02
6.569000244e+02;3.637400642e-02
6.571314697e+02;5.851008743e-02
6.573629761e+02;6.981361657e-02
6.575944214e+02;6.587954611e-02
6.578259277e+02;5.017096177e-02
6.580574341e+02;3.906136379e-02
6.582889404e+02;3.670646250e-02
6.585204468e+02;4.662475735e-02
6.587519531e+02;4.659705237e-02
6.589835205e+02;4.576591030e-02
6.592150879e+02;5.939663574e-02
6.594465942e+02;7.011836767e-02
6.596781616e+02;7.042311877e-02
6.599097900e+02;9.333493561e-02
6.601413574e+02;9.568983316e-02
6.603729858e+02;9.732441604e-02
6.606045532e+02;9.305788577e-02
6.608361816e+02;8.571613580e-02
6.610678711e+02;8.106173575e-02
6.612994995e+02;8.122796565e-02
6.615311279e+02;8.809874207e-02
6.617628174e+02;9.815555811e-02
6.619945068e+02;1.025329083e-01
6.622261963e+02;1.002334133e-01
6.624578857e+02;1.010922566e-01
6.626895752e+02;8.754464239e-02
6.629213257e+02;8.848660439e-02
6.631530151e+02;1.060791090e-01
6.633847656e+02;1.083508953e-01
6.636165161e+02;8.228074759e-02
6.638482666e+02;5.812221766e-02
6.640800781e+02;5.792828649e-02
6.643118286e+02;5.446519330e-02
6.645436401e+02;4.828703776e-02
6.647754517e+02;4.823163152e-02
6.650072632e+02;3.919988871e-02
6.652390747e+02;3.476712853e-02
6.654708862e+02;3.310484439e-02
6.657027588e+02;2.213377319e-02
6.659346313e+02;3.063912503e-02
6.661665039e+02;3.834104165e-02
6.663983765e+02;4.415903613e-02
6.666302490e+02;4.565509036e-02
6.668621216e+02;4.271838814e-02
6.670940552e+02;5.848238245e-02
6.673259888e+02;6.105891988e-02
6.675579224e+02;6.443890184e-02
6.677898560e+02;6.709855050e-02
6.680217896e+02;8.336123079e-02
6.682537842e+02;8.349975199e-02
6.684857178e+02;9.848801792e-02
6.687177124e+02;8.726760000e-02
6.689497070e+02;7.654586434e-02
6.691817017e+02;7.582554221e-02
6.694137573e+02;8.873594552e-02
6.696457520e+02;8.516203612e-02
6.698778076e+02;7.205770165e-02
6.701098633e+02;8.851431310e-02
6.703419189e+02;9.413836896e-02
6.705739746e+02;9.278083593e-02
6.708060303e+02;8.047993481e-02
6.710381470e+02;7.856830955e-02
6.712702026e+02;8.873594552e-02
6.715023193e+02;9.920834005e-02
6.717344360e+02;7.812503725e-02
6.719665527e+02;5.305225402e-02
6.721987305e+02;4.291232303e-02
6.724308472e+02;3.529351950e-02
6.726630249e+02;3.917218372e-02
6.728952026e+02;4.144397005e-02
6.731273804e+02;2.709291875e-02
6.733595581e+02;2.958634496e-02
6.735917969e+02;2.493195049e-02
6.738239746e+02;2.022214606e-02
6.740562134e+02;1.750708185e-02
6.742884521e+02;3.202436119e-02
6.745206909e+02;2.232770622e-02
6.747529297e+02;2.260475233e-02
6.749852295e+02;3.321566433e-02
6.752174683e+02;3.518269956e-02
6.754497681e+02;4.216429219e-02
6.756820679e+02;4.964457080e-02
6.759143677e+02;4.870260879e-02
6.761467285e+02;5.640452728e-02
6.763790283e+02;6.671068817e-02
6.766113892e+02;6.563020498e-02
6.768437500e+02;7.092180848e-02
6.770761108e+02;7.025688887e-02
6.773084717e+02;6.355234981e-02
6.775408325e+02;6.233333796e-02
6.777731934e+02;5.837156251e-02
6.780056152e+02;6.590724736e-02
6.782380371e+02;6.743101031e-02
6.784704590e+02;5.917499959e-02
6.787028809e+02;6.806822121e-02
6.789353027e+02;7.746012509e-02
6.791677856e+02;6.405103207e-02
6.794002686e+02;6.355234981e-02
6.796327515e+02;6.432808191e-02
6.798652344e+02;8.721219003e-02
6.800977173e+02;6.975820661e-02
6.803302002e+02;4.318936914e-02
6.805627441e+02;3.476712853e-02
6.807952271e+02;3.122092411e-02
6.810277710e+02;3.678957745e-02
6.812603149e+02;2.720373869e-02
6.814929199e+02;2.753619477e-02
6.817254639e+02;2.329737134e-02
6.819580078e+02;2.108099312e-02
6.821906128e+02;1.792265289e-02
6.824232178e+02;1.495824661e-02
6.826558228e+02;1.240941137e-02
6.828884277e+02;1.678675972e-02
6.831210938e+02;1.168908831e-02
6.833536987e+02;8.142882958e-03
6.835863647e+02;1.096876524e-02
6.838190308e+02;1.434874255e-02
6.840516968e+02;1.346219145e-02
6.842843628e+02;2.000050806e-02
6.845170898e+02;2.083165012e-02
6.847497559e+02;2.529211156e-02
6.849824829e+02;3.083305806e-02
6.852152100e+02;3.814710677e-02
6.854479370e+02;2.482113056e-02
6.856806641e+02;3.044519201e-02
6.859134521e+02;3.210747615e-02
6.861461792e+02;1.662052982e-02
6.863789673e+02;3.030666895e-02
6.866117554e+02;2.329737134e-02
6.868445435e+02;3.335418925e-02
6.870773926e+02;3.069453500e-02
6.873101807e+02;2.789635584e-02
6.875430298e+02;3.587532043e-02
6.877758179e+02;3.379746526e-02
6.880086670e+02;1.609414071e-02
6.882415161e+02;3.332648426e-02
6.884744263e+02;2.476572245e-02
6.887072754e+02;2.656652965e-02
6.889401855e+02;3.025125898e-02
6.891730957e+02;9.195662104e-03
6.894060059e+02;1.612184569e-02
6.896389160e+02;2.335278131e-02
6.898718262e+02;1.889231801e-02
6.901047363e+02;1.124581229e-02
6.903377075e+02;4.901428707e-03
6.905706787e+02;8.807796054e-03
6.908036499e+02;3.156030783e-03
6.910366211e+02;7.090102881e-03
6.912695923e+02;-2.107868437e-03
6.915026245e+02;1.116269827e-02
6.917355957e+02;-5.681778770e-03
6.919686279e+02;7.838130929e-03
6.922016602e+02;9.306481108e-03
6.924346924e+02;-2.495734720e-03
6.926677856e+02;-1.609183149e-03
6.929008179e+02;2.269479213e-03
6.931339111e+02;6.785350852e-03
6.933670044e+02;4.818314686e-03
6.936000977e+02;-2.495734720e-03
6.938331909e+02;1.639196707e-04
6.940662842e+02;7.145512383e-03
6.942994385e+02;-6.291282829e-03
6.945325317e+02;5.794906756e-04
6.947656860e+02;1.304662041e-02
6.949988403e+02;-3.271467052e-03
6.952319946e+02;9.749757126e-03
6.954652100e+02;4.541267175e-03
6.956983643e+02;-2.052458934e-03
6.959315796e+02;2.380298218e-03
6.961647949e+02;1.348989550e-02
6.963980103e+02;6.923874374e-03
6.966312256e+02;5.538637750e-03
6.968644409e+02;3.599306569e-03
6.970977173e+02;-1.138202730e-03
6.973309326e+02;2.491117222e-03
6.975642090e+02;3.322259057e-03
6.977974854e+02;4.402743652e-03
6.980307617e+02;6.480598822e-03
6.982640991e+02;3.904058598e-03
6.984973755e+02;-1.962418464e-04
6.987307129e+02;6.979283877e-03
6.989640503e+02;9.673569002e-04
6.991973877e+02;6.626048707e-04
6.994307251e+02;8.004358970e-03
6.996640625e+02;6.231255829e-03
6.998974609e+02;1.937022549e-03
7.001307983e+02;1.310202945e-02
7.003641968e+02;-3.070607781e-04
7.005975952e+02;6.314370316e-03
7.008309937e+02;-2.412620466e-03
7.010644531e+02;3.349963808e-03
7.012978516e+02;2.324888716e-03
7.015313110e+02;-8.334507002e-04
7.017647705e+02;-3.049829276e-03
7.019982300e+02;1.327518374e-03
7.022316895e+02;5.344704725e-03
7.024651489e+02;6.536007859e-03
7.026986694e+02;-3.105238779e-03
7.029321289e+02;4.409669782e-04
7.031656494e+02;6.349001196e-04
7.033991699e+02;2.518821973e-03
7.036326904e+02;1.438337378e-03
7.038662109e+02;-7.503365050e-04
7.040997925e+02;5.123066716e-03
7.043333740e+02;8.890910074e-03
7.045668945e+02;-1.747706905e-03
7.048004761e+02;-4.158018623e-03
7.050341187e+02;1.050471095e-03
7.052677002e+02;5.594047252e-03
7.055012817e+02;2.408002969e-03
7.057349243e+02;9.722052142e-03
7.059685669e+02;-1.962418464e-04
7.062022095e+02;5.310073539e-05
7.064358521e+02;4.735200666e-03
7.066694946e+02;1.078175846e-03
7.069031982e+02;3.460782813e-03
7.071368408e+02;1.188994735e-03
7.073705444e+02;5.483228248e-03
7.076042480e+02;2.518821973e-03
7.078379517e+02;4.873724189e-03
7.080717163e+02;6.702236366e-03
7.083054199e+02;9.278776124e-03
7.085391846e+02;9.583528154e-03
7.087728882e+02;4.596676677e-03
7.090066528e+02;1.002680417e-02
7.092404785e+02;1.188994735e-03
7.094742432e+02;5.677161273e-03
7.097080078e+02;1.770794159e-03
7.099418335e+02;3.848649096e-03
7.101756592e+02;3.627011087e-03
7.104094849e+02;6.037322804e-03
7.106433105e+02;3.793239594e-03
7.108771362e+02;2.989802277e-03
7.111109619e+02;8.253701031e-03
7.113448486e+02;2.193291293e-04
7.115787354e+02;6.286665332e-03
7.118126221e+02;8.586158045e-03
7.120465088e+02;6.979283877e-03
7.122803955e+02;4.956838209e-03
7.125143433e+02;4.347334150e-03
7.127482300e+02;6.037322804e-03
7.129821777e+02;1.174449734e-02
7.132161255e+02;1.141204126e-02
7.134500732e+02;5.067657214e-03
7.136840210e+02;1.035926118e-02
7.139180298e+02;1.379464753e-02
7.141519775e+02;2.415621839e-02
7.143859863e+02;1.202154532e-02
7.146199951e+02;2.038837411e-02
7.148540039e+02;8.780091070e-03
7.150880127e+02;9.001729079e-03
7.153220215e+02;1.581709273e-02
7.155560913e+02;1.166138332e-02
7.157901611e+02;1.775642484e-02
7.160242310e+02;6.591417361e-03
7.162583008e+02;1.107958425e-02
7.164923706e+02;1.398858149e-02
7.167264404e+02;5.954208784e-03
7.169605713e+02;6.480598822e-03
7.171947021e+02;2.601243556e-02
7.174287720e+02;1.022073720e-02
7.176629028e+02;1.578938775e-02
7.178970947e+02;9.251072071e-03
7.181312256e+02;4.679791164e-03
7.183653564e+02;1.592791267e-02
7.185995483e+02;5.704866257e-03
7.188337402e+02;1.368382853e-02
7.190679321e+02;1.368382853e-02
7.193021240e+02;1.992431935e-03
7.195363159e+02;7.810425945e-03
7.197705688e+02;1.410632627e-03
7.200048218e+02;7.422559429e-03
7.202390137e+02;-1.526069012e-03
7.204732666e+02;5.732570775e-03
7.207075806e+02;-4.178797244e-04
7.209418335e+02;1.188994735e-03
7.211760864e+02;8.475339040e-03
7.214104004e+02;1.074712723e-02
7.216447144e+02;3.100621281e-03
7.218790283e+02;1.074712723e-02
7.221133423e+02;1.628807373e-02
7.223476562e+02;1.135663129e-02
7.225820312e+02;2.177361026e-02
7.228163452e+02;1.210465934e-02
7.230507202e+02;2.518129349e-02
7.232850952e+02;1.398858149e-02
7.235194702e+02;1.875379495e-02
7.237538452e+02;2.623407356e-02
7.239882812e+02;2.809028886e-02
7.242226562e+02;3.102699108e-02
7.244570923e+02;3.243993223e-02
7.246915283e+02;2.875520289e-02
7.249259644e+02;3.917218372e-02
7.251604004e+02;2.775783278e-02
7.253948975e+02;2.886602283e-02
7.256293335e+02;3.108240105e-02
7.258638306e+02;3.881202266e-02
7.260983276e+02;3.557056561e-02
7.263328247e+02;3.307714313e-02
7.265673218e+02;2.706521377e-02
7.268018188e+02;3.631859645e-02
7.270363770e+02;4.188724607e-02
7.272709351e+02;4.440837726e-02
7.275054321e+02;3.673416749e-02
7.277399902e+02;4.105610400e-02
7.279746094e+02;3.044519201e-02
7.282091675e+02;3.695580363e-02
7.284437256e+02;4.066823795e-02
7.286783447e+02;2.681587264e-02
7.289129639e+02;2.398998849e-02
7.291475830e+02;2.304802835e-02
7.293822021e+02;1.914166100e-02
7.296168213e+02;2.252163924e-02
7.298515015e+02;2.041607909e-02
7.300861206e+02;2.570768259e-02
7.303208008e+02;1.479201857e-02
7.305554810e+02;1.404399052e-02
7.307901611e+02;9.832871147e-03
7.310248413e+02;1.709151082e-02
7.312595825e+02;1.210465934e-02
7.314942627e+02;5.815685261e-03
7.317290039e+02;1.357301045e-02
7.319637451e+02;1.673134975e-02
7.321984863e+02;1.495824661e-02
7.324332275e+02;7.477968931e-03
7.326680298e+02;1.928018406e-02
7.329027710e+02;2.066542208e-02
7.331375732e+02;1.002680417e-02
7.333723755e+02;2.180131525e-02
7.336071777e+02;3.872890770e-02
7.338419800e+02;1.933559403e-02
7.340767822e+02;2.820110880e-02
7.343116455e+02;4.052971303e-02
7.345465088e+02;4.587672651e-02
7.347813110e+02;4.637541249e-02
7.350161743e+02;5.183324590e-02
7.352510986e+02;5.742960051e-02
7.354859619e+02;5.853778869e-02
7.357208252e+02;5.621059239e-02
7.359557495e+02;5.751271546e-02
7.361906738e+02;6.720937043e-02
7.364255981e+02;5.612747744e-02
7.366605225e+02;5.911958963e-02
7.368954468e+02;4.850867763e-02
7.371304321e+02;4.972768575e-02
7.373653564e+02;5.321848020e-02
7.376003418e+02;5.726337433e-02
7.378353271e+02;6.080957875e-02
7.380703125e+02;6.532544643e-02
7.383052979e+02;6.468824297e-02
7.385402832e+02;6.574101746e-02
7.387753296e+02;6.906558573e-02
7.390103760e+02;5.504699424e-02
7.392454224e+02;5.105751380e-02
7.394804688e+02;5.490846932e-02
7.397155151e+02;7.782028615e-02
7.399505615e+02;6.504840404e-02
7.401856689e+02;4.429755732e-02
7.404207153e+02;4.476853833e-02
7.406558228e+02;3.346500918e-02
7.408909302e+02;2.565227263e-02
7.411260376e+02;1.919707097e-02
7.413611450e+02;3.878431767e-02
7.415963135e+02;2.285409532e-02
7.418314819e+02;1.822740585e-02
7.420665894e+02;1.437644754e-02
7.423017578e+02;1.216006838e-02
7.425369263e+02;1.833822392e-02
7.427721558e+02;1.246482041e-02
7.430073242e+02;1.279727742e-02
7.432425537e+02;1.332366746e-02
7.434777222e+02;2.077624016e-02
7.437129517e+02;1.930788904e-02
7.439481812e+02;2.343589440e-02
7.441834106e+02;2.121951617e-02
7.444187012e+02;2.398998849e-02
7.446539307e+02;2.725914866e-02
7.448892212e+02;2.664964274e-02
7.451245117e+02;3.171961010e-02
7.453598022e+02;5.055882782e-02
7.455950928e+02;5.208258703e-02
7.458303833e+02;5.180554092e-02
7.460657349e+02;5.249815807e-02
7.463010254e+02;5.479765311e-02
7.465363770e+02;6.333070993e-02
7.467717285e+02;6.515922397e-02
7.470070801e+02;6.801281124e-02
7.472424316e+02;8.557760715e-02
7.474778442e+02;8.028600365e-02
7.477131958e+02;8.435860276e-02
7.479486084e+02;9.762916714e-02
7.481840210e+02;9.339034557e-02
7.484194336e+02;8.211451769e-02
7.486548462e+02;8.746153116e-02
7.488903198e+02;8.660268784e-02
7.491257324e+02;8.541137725e-02
7.493612061e+02;8.311188966e-02
7.495966797e+02;7.873453945e-02
7.498321533e+02;8.516203612e-02
7.500676270e+02;8.593776822e-02
7.503031006e+02;9.455394000e-02
7.505386353e+02;8.735071123e-02
7.507741089e+02;7.837437838e-02
7.510096436e+02;8.006436378e-02
7.512451782e+02;1.099577770e-01
7.514807129e+02;1.007043943e-01
7.517162476e+02;8.784939349e-02
7.519518433e+02;6.020007282e-02
7.521873779e+02;5.138996989e-02
7.524229736e+02;4.989391565e-02
7.526585693e+02;5.529633537e-02
7.528941650e+02;5.108521879e-02
7.531297607e+02;4.028037190e-02
7.533653564e+02;3.762071580e-02
7.536010132e+02;1.955723204e-02
7.538366089e+02;2.033296414e-02
7.540722656e+02;7.533378433e-03
7.543079224e+02;1.141204126e-02
7.545435791e+02;1.659282669e-02
7.547792969e+02;2.182902023e-02
7.550149536e+02;1.980657503e-02
7.552506714e+02;1.623266377e-02
7.554863281e+02;1.897543296e-02
7.557220459e+02;1.501365658e-02
7.559577637e+02;1.731314883e-02
7.561935425e+02;3.011273593e-02
7.564292603e+02;2.396228537e-02
7.566650391e+02;2.421162650e-02
7.569007568e+02;2.080394514e-02
7.571365356e+02;2.676046267e-02
7.573723145e+02;3.074994311e-02
7.576080933e+02;3.576450050e-02
7.578439331e+02;4.784376547e-02
7.580797119e+02;5.327389017e-02
7.583155518e+02;5.593354627e-02
7.585513306e+02;6.479906291e-02
7.587871704e+02;6.488217413e-02
7.590230103e+02;6.590724736e-02
7.592589111e+02;7.205770165e-02
7.594947510e+02;8.629792929e-02
7.597306519e+02;8.338893205e-02
7.599664917e+02;8.180976659e-02
7.602023926e+02;7.527144998e-02
7.604382935e+02;7.989814132e-02
7.606741943e+02;7.662898302e-02
7.609101562e+02;7.662898302e-02
7.611460571e+02;1.307917386e-01
7.613820190e+02;7.981502265e-02
7.616179810e+02;8.848660439e-02
7.618539429e+02;7.773716748e-02
7.620899048e+02;9.879276901e-02
7.623258667e+02;9.267002344e-02
7.625618896e+02;9.408295900e-02
7.627978516e+02;8.120026439e-02
7.630338745e+02;7.493899018e-02
7.632698975e+02;8.311188966e-02
7.635059204e+02;9.391673654e-02
7.637419434e+02;8.599317819e-02
7.639779663e+02;7.103262097e-02
7.642140503e+02;5.410503224e-02
7.644501343e+02;5.532404035e-02
7.646861572e+02;5.513010919e-02
7.649222412e+02;4.609836638e-02
7.651583252e+02;5.061423779e-02
7.653944702e+02;3.861808777e-02
7.656305542e+02;2.894913591e-02
7.658666992e+02;3.886742890e-02
7.661028442e+02;3.033437394e-02
7.663389282e+02;2.321425639e-02
7.665750732e+02;2.199524827e-02
7.668112793e+02;1.348989550e-02
7.670474243e+02;1.590020768e-02
7.672836304e+02;1.504136063e-02
7.675197754e+02;1.869838499e-02
7.677559814e+02;1.587250270e-02
7.679921875e+02;2.166279219e-02
7.682283936e+02;1.440415159e-02
7.684645996e+02;2.108099312e-02
7.687008667e+02;2.961404994e-02
7.689371338e+02;3.052830696e-02
7.691733398e+02;1.847674698e-02
7.694096069e+02;4.809310660e-02
7.696458740e+02;2.800717577e-02
7.698821411e+02;3.961545974e-02
7.701184692e+02;4.764983058e-02
7.703547363e+02;4.615377635e-02
7.705910645e+02;4.981080070e-02
7.708273926e+02;5.407732725e-02
7.710637207e+02;6.213940680e-02
7.713000488e+02;7.031229883e-02
7.715363770e+02;6.668297946e-02
7.717727661e+02;7.964879274e-02
7.720090942e+02;8.097862452e-02
7.722454834e+02;9.183888137e-02
7.724818726e+02;9.544049203e-02
7.727182617e+02;7.873453945e-02
7.729546509e+02;8.876365423e-02
7.731911011e+02;8.059075475e-02
7.734274902e+02;9.843260795e-02
7.736639404e+02;8.729530126e-02
7.739003906e+02;9.577295184e-02
7.741367798e+02;9.405525774e-02
7.743732910e+02;8.909610659e-02
7.746097412e+02;8.884676546e-02
7.748461914e+02;1.034471616e-01
7.750827026e+02;1.022835597e-01
7.753192139e+02;8.707366139e-02
7.755557251e+02;7.862371951e-02
7.757922363e+02;7.427407801e-02
7.760287476e+02;8.945627511e-02
7.762652588e+02;1.005935743e-01
7.765018311e+02;8.862513304e-02
7.767383423e+02;6.942574680e-02
7.769749146e+02;5.535174534e-02
7.772114868e+02;4.715114459e-02
7.774480591e+02;4.172101617e-02
7.776846313e+02;3.382517025e-02
7.779212646e+02;6.225022301e-02
7.781578369e+02;1.536481380e-01
7.783944702e+02;2.335208803e-01
7.786311035e+02;2.374272496e-01
7.788677368e+02;1.645638049e-01
7.791043701e+02;1.153324917e-01
7.793410645e+02;9.228215367e-02
7.795776978e+02;6.812363118e-02
7.798143921e+02;5.197176710e-02
7.800510254e+02;4.620918632e-02
7.802877197e+02;4.604295641e-02
7.805244141e+02;2.991880290e-02
7.807611694e+02;3.429615125e-02
7.809978638e+02;1.731314883e-02
7.812346191e+02;1.379464753e-02
7.814713135e+02;1.232629735e-02
7.817080688e+02;-1.692297403e-03
7.819448242e+02;8.565379540e-04
7.821815796e+02;4.347334150e-03
7.824183960e+02;7.173216902e-03
7.826551514e+02;3.855575342e-04
7.828919678e+02;6.674531847e-03
7.831287231e+02;4.735200666e-03
7.833655396e+02;6.868464872e-03
7.836023560e+02;7.256330922e-03
7.838392334e+02;2.380298218e-03
7.840760498e+02;6.923874374e-03
7.843128662e+02;6.349001196e-04
7.845497437e+02;1.778412983e-02
7.847866211e+02;3.045211779e-03
7.850234985e+02;4.125696141e-03
7.852603760e+02;1.639889181e-02
7.854972534e+02;6.037322804e-03
7.857341919e+02;7.727311458e-03
7.859710693e+02;1.174449734e-02
7.862080078e+02;1.058089919e-02
7.864449463e+02;2.103250939e-03
7.866818848e+02;1.664823480e-02
7.869188232e+02;9.057139046e-03
7.871557617e+02;5.794906756e-04
7.873927612e+02;1.404399052e-02
7.876296997e+02;4.513562657e-03
7.878666992e+02;1.476431359e-02
7.881036987e+02;4.846019205e-03
7.883406982e+02;2.241774695e-03
7.885776978e+02;9.251072071e-03
7.888147583e+02;6.813055370e-03
7.890517578e+02;8.309110999e-03
7.892888184e+02;7.865834981e-03
7.895258789e+02;5.732570775e-03
7.897629395e+02;1.005450916e-02
7.900000000e+02;-2.966715023e-03
7.902370605e+02;4.070287105e-03
7.904741821e+02;1.371153351e-02
7.907112427e+02;5.760275759e-03
7.909483643e+02;7.976653986e-03
7.911854858e+02;-3.465400310e-03
7.914226074e+02;1.102417428e-02
7.916597290e+02;3.516192315e-03
7.918968506e+02;3.072916530e-03
7.921340332e+02;1.632270520e-03
7.923712158e+02;5.344704725e-03
7.926083374e+02;9.119474562e-04
7.928455200e+02;6.037322804e-03
7.930827026e+02;5.517859245e-04
7.933199463e+02;-1.131276586e-04
7.935571289e+02;1.058089919e-02
7.937943115e+02;-3.049829276e-03
7.940315552e+02;-3.105238779e-03
7.942687988e+02;-1.415250124e-03
7.945060425e+02;-5.709483754e-03
7.947432861e+02;2.186365193e-03
7.949805298e+02;-2.772781998e-03
7.952178345e+02;7.865834981e-03
7.954550781e+02;8.530749008e-03
7.956923828e+02;1.244404237e-03
7.959296875e+02;6.626048707e-04
7.961669922e+02;9.472710080e-03
7.964042969e+02;1.549156266e-03
7.966416016e+02;1.770794159e-03
7.968789673e+02;4.762905184e-03
7.971162720e+02;-2.384915715e-03
7.973536377e+02;4.291924648e-03
7.975910034e+02;6.425189320e-03
7.978283691e+02;4.679791164e-03
7.980657349e+02;9.666643105e-03
7.983031616e+02;1.010991819e-02
7.985405273e+02;4.624381661e-03
7.987779541e+02;-1.913935295e-03
7.990153809e+02;1.035926118e-02
7.992528076e+02;-1.720002154e-03
7.994902344e+02;5.621751770e-03
7.997276611e+02;2.851278754e-03
7.999650879e+02;3.128326032e-03
8.002025757e+02;8.087472990e-03
8.004400635e+02;5.621751770e-03
8.006774902e+02;3.931763116e-03
8.009149780e+02;4.485857673e-03
8.011525269e+02;1.814429089e-02
8.013900146e+02;7.727311458e-03
8.016275024e+02;4.264220130e-03
8.018650513e+02;6.425189320e-03
8.021026001e+02;7.810425945e-03
8.023400879e+02;1.135663129e-02
8.025776367e+02;1.160597429e-02
8.028152466e+02;5.787980277e-03
8.030527954e+02;4.568972159e-03
8.032903442e+02;1.027614716e-02
8.035279541e+02;5.427818745e-03
8.037655640e+02;1.379464753e-02
8.040031738e+02;5.178476218e-03
8.042407837e+02;8.780091070e-03
8.044783936e+02;1.116269827e-02
8.047160034e+02;1.504136063e-02
8.049536743e+02;1.595561765e-02
8.051912842e+02;1.448726654e-02
8.054289551e+02;4.014877602e-03
8.056666260e+02;3.654715838e-03
8.059042969e+02;1.171679329e-02
8.061420288e+02;5.621751770e-03
8.063796997e+02;4.818314686e-03
8.066173706e+02;1.166138332e-02
8.068551025e+02;9.611233138e-03
8.070928345e+02;4.125696141e-03
8.073305664e+02;-4.933751188e-03
8.075682983e+02;-2.412620466e-03
8.078060303e+02;-2.828191500e-03
8.080438232e+02;2.747385879e-04
8.082815552e+02;4.513562657e-03
8.085193481e+02;-8.286023512e-03
8.087571411e+02;-4.455844464e-04
8.089949341e+02;1.770794159e-03
8.092327271e+02;-7.226317539e-04
8.094705200e+02;5.871094298e-03
8.097083740e+02;5.843389779e-03
8.099461670e+02;3.543897066e-03
8.101840210e+02;4.984543193e-03
8.104218750e+02;4.901428707e-03
8.106597290e+02;5.871094298e-03
8.108975830e+02;1.826203545e-03
8.111354370e+02;-2.939010272e-03
8.113733521e+02;3.627011087e-03
8.116112671e+02;1.423792355e-02
8.118491211e+02;1.213236433e-02
8.120870361e+02;8.364520036e-03
8.123249512e+02;1.263104938e-02
8.125628662e+02;1.196613535e-02
8.128008423e+02;9.638938121e-03
8.130387573e+02;4.901428707e-03
8.132767334e+02;6.896169391e-03
8.135147095e+02;1.038696617e-02
8.137526855e+02;-1.470659510e-03
8.139906616e+02;7.311740424e-03
8.142286377e+02;1.307432447e-02
8.144666138e+02;1.265875343e-02
8.147046509e+02;1.127351727e-02
8.149426270e+02;3.627011087e-03
8.151806641e+02;6.037322804e-03
8.154187012e+02;1.161289983e-03
8.156567383e+02;1.102417428e-02
8.158948364e+02;5.794906756e-04
8.161328735e+02;1.368382853e-02
8.163709106e+02;1.216699486e-03
8.166090088e+02;5.123066716e-03
8.168471069e+02;-1.609183149e-03
8.170852051e+02;1.404399052e-02
8.173233032e+02;-7.676519454e-03
8.175614014e+02;5.289295223e-03
8.177995605e+02;-4.213428125e-03
8.180376587e+02;7.394854911e-03
8.182758179e+02;2.574231476e-03
8.185139771e+02;-4.074904136e-03
8.187521362e+02;-2.218687208e-03
8.189902954e+02;3.543897066e-03
8.192284546e+02;9.084843099e-03
8.194666748e+02;1.348989550e-02
8.197048340e+02;1.035926118e-02
8.199430542e+02;1.534611266e-02
8.201812744e+02;8.565379540e-04
8.204194946e+02;3.987172619e-03
8.206577148e+02;7.311740424e-03
8.208959351e+02;1.127351727e-02
8.211342163e+02;5.649456754e-03
8.213724365e+02;4.624381661e-03
8.216107178e+02;-8.334507002e-04
8.218489990e+02;2.214069944e-03
8.220872803e+02;6.037322804e-03
8.223255615e+02;1.454267558e-02
8.225638428e+02;2.443326451e-02
8.228021851e+02;2.412851341e-02
8.230404663e+02;1.232629735e-02
8.232788086e+02;1.587250270e-02
8.235171509e+02;9.472710080e-03
8.237554932e+02;9.306481108e-03
8.239938354e+02;2.962097526e-03
8.242321777e+02;7.671901956e-03
8.244705811e+02;9.943690151e-03
8.247089233e+02;3.987172619e-03
8.249473267e+02;1.124581229e-02
8.251857300e+02;1.002680417e-02
8.254241333e+02;1.612184569e-02
8.256625366e+02;4.679791164e-03
8.259009399e+02;5.954208784e-03
8.261394043e+02;8.558453061e-03
8.263778076e+02;-3.908676095e-03
8.266162720e+02;-9.165648953e-04
8.268547363e+02;9.396521491e-04
8.270932007e+02;8.724682033e-03
8.273316650e+02;-3.132943530e-03
8.275701904e+02;2.934392774e-03
8.278086548e+02;-1.886230544e-03
8.280471802e+02;1.188994735e-03
8.282856445e+02;-2.052458934e-03
8.285241699e+02;-1.609183149e-03
8.287626953e+02;8.419930004e-03
8.290012207e+02;6.231255829e-03
8.292398071e+02;-3.347655002e-04
8.294783325e+02;5.649456754e-03
8.297169189e+02;1.798498910e-03
8.299555054e+02;1.916243928e-04
8.301940308e+02;-3.687038086e-03
8.304326782e+02;4.132622562e-04
8.306712646e+02;2.574231476e-03
8.309098511e+02;-1.962418464e-04
8.311484375e+02;1.826203545e-03
8.313870850e+02;3.183735535e-03
8.316257324e+02;-1.304431120e-03
8.318643799e+02;-3.001345976e-05
8.321030273e+02;2.418392338e-02
8.323416748e+02;6.203551311e-03
8.325803223e+02;-5.771819269e-05
8.328190308e+02;-1.304431120e-03
8.330576782e+02;-4.296542145e-03
8.332963867e+02;3.599306569e-03
8.335350952e+02;1.770794159e-03
8.337738037e+02;2.601935994e-03
8.340125122e+02;5.981913302e-03
8.342512207e+02;3.737830091e-03
8.344899902e+02;4.707495682e-03
8.347287598e+02;-5.293912720e-03
8.349674683e+02;6.903095637e-04
8.352062378e+02;6.868464872e-03
8.354450073e+02;-1.470659510e-03
8.356837769e+02;8.780091070e-03
8.359226074e+02;9.832871147e-03
8.361613770e+02;8.364520036e-03
8.364002075e+02;-4.601294175e-03
8.366389771e+02;2.047841437e-03
8.368778076e+02;2.906688256e-03
8.371166382e+02;9.950615931e-04
8.373554688e+02;2.795869252e-03
8.375943604e+02;1.549156266e-03
8.378331909e+02;2.491117222e-03
8.380720825e+02;5.012247711e-03
8.383109741e+02;-3.216057550e-03
8.385498047e+02;-3.742447589e-03
8.387886963e+02;4.208810627e-03
8.390276489e+02;3.516192315e-03
8.392665405e+02;-9.442696464e-04
8.395054321e+02;-5.238503218e-03
8.397443848e+02;-4.628999159e-03
8.399833374e+02;4.596676677e-03
8.402222290e+02;6.071953685e-04
8.404611816e+02;-5.598664749e-03
8.407001953e+02;3.128326032e-03
8.409391479e+02;4.901428707e-03
8.411781006e+02;-3.354581306e-03
8.414171143e+02;-8.611554513e-04
8.416560669e+02;-8.175204508e-03
8.418950806e+02;2.685050247e-03
8.421340942e+02;8.696977049e-03
8.423731079e+02;3.377668560e-03
8.426121826e+02;-1.359840622e-03
8.428511963e+02;6.626048707e-04
8.430902710e+02;3.904058598e-03
8.433292847e+02;5.926503800e-03
8.435683594e+02;2.463412471e-03
8.438074341e+02;1.274186838e-02
8.440465088e+02;2.075546188e-03
8.442855835e+02;5.067657214e-03
8.445247192e+02;-2.516513050e-04
8.447637939e+02;8.696977049e-03
8.450029297e+02;1.549156266e-03
8.452420654e+02;1.121810824e-02
8.454812012e+02;2.027755603e-02
8.457203369e+02;6.443890184e-02
8.459594727e+02;5.826074257e-02
8.461986694e+02;4.817622155e-02
8.464378052e+02;2.230000123e-02
8.466770020e+02;2.072083019e-02
8.469161377e+02;2.180131525e-02
8.471553345e+02;2.446096949e-02
8.473945312e+02;1.199384034e-02
8.476337891e+02;1.842133887e-02
8.478729858e+02;1.019303314e-02
8.481122437e+02;2.077624016e-02
8.483514404e+02;8.475339040e-03
8.485906982e+02;1.626036875e-02
8.488299561e+02;4.790610168e-03
8.490692139e+02;7.062397897e-03
8.493084717e+02;1.745167188e-02
8.495477295e+02;7.810425945e-03
8.497870483e+02;1.171679329e-02
8.500263062e+02;1.756249182e-02
8.502656250e+02;2.324888716e-03
8.505049438e+02;1.404399052e-02
8.507442627e+02;5.178476218e-03
8.509835815e+02;5.732570775e-03
8.512229614e+02;8.142882958e-03
8.514622803e+02;8.336815983e-03
8.517016602e+02;1.490283757e-02
8.519409790e+02;5.871094298e-03
8.521803589e+02;5.677161273e-03
8.524197388e+02;1.171679329e-02
8.526591187e+02;1.743089408e-03
8.528985596e+02;4.264220130e-03
8.531379395e+02;6.231255829e-03
8.533773804e+02;1.717462577e-02
8.536167603e+02;1.224318333e-02
8.538562012e+02;1.454267558e-02
8.540956421e+02;1.179990731e-02
8.543350830e+02;8.724682033e-03
8.545745239e+02;7.976653986e-03
8.548140259e+02;9.361891076e-03
8.550534668e+02;1.332366746e-02
8.552929688e+02;9.251072071e-03
8.555324707e+02;3.682420589e-03
8.557719727e+02;2.989802277e-03
8.560114746e+02;7.921244949e-03
8.562509766e+02;9.361891076e-03
8.564904785e+02;1.282498240e-02
8.567300415e+02;7.006988395e-03
8.569695435e+02;3.987172619e-03
8.572091064e+02;1.240941137e-02
8.574486694e+02;6.148141809e-03
8.576882324e+02;-1.055088593e-03
8.579277954e+02;9.722052142e-03
8.581674194e+02;1.964727184e-03
8.584069824e+02;2.241774695e-03
8.586466064e+02;8.080546831e-05
8.588861694e+02;1.826203545e-03
8.591257935e+02;4.873724189e-03
8.593654175e+02;1.096876524e-02
8.596051025e+02;9.396521491e-04
8.598447266e+02;3.072916530e-03
8.600843506e+02;6.979283877e-03
8.603240356e+02;4.347334150e-03
8.605636597e+02;1.526299864e-02
8.608033447e+02;2.277098037e-02
8.610430298e+02;1.301891543e-02
8.612827148e+02;5.289295223e-03
8.615224609e+02;4.818314686e-03
8.617621460e+02;1.216699486e-03
8.620018921e+02;1.016532816e-02
8.622415771e+02;8.918615058e-03
8.624813232e+02;1.822740585e-02
8.627210693e+02;8.724682033e-03
8.629608154e+02;1.772871986e-02
8.632005615e+02;1.321284845e-02
8.634403687e+02;9.029434063e-03
8.636801147e+02;1.443185657e-02
8.639199219e+02;1.409939956e-02
8.641596680e+02;1.980657503e-02
8.643994751e+02;1.523529366e-02
8.646392822e+02;1.739626378e-02
8.648790894e+02;1.612184569e-02
8.651189575e+02;1.188302133e-02
8.653587646e+02;1.811658591e-02
8.655986328e+02;2.853356488e-02
8.658385010e+02;2.135803923e-02
8.660783081e+02;2.091476321e-02
8.663181763e+02;3.063912503e-02
8.665580444e+02;2.615095861e-02
8.667979736e+02;3.518269956e-02
8.670378418e+02;2.811799385e-02
8.672777710e+02;8.394303173e-02
8.675176392e+02;3.842415661e-02
8.677575684e+02;3.199665621e-02
8.679974976e+02;4.618148133e-02
8.682374268e+02;4.510099441e-02
8.684773560e+02;4.161019996e-02
8.687173462e+02;3.008503094e-02
8.689572754e+02;4.781606048e-02
8.691972656e+02;5.704173446e-02
8.694372559e+02;6.194547191e-02
8.696771851e+02;7.114344090e-02
8.699171753e+02;5.790058151e-02
8.701572266e+02;7.130967081e-02
8.703972168e+02;5.499158427e-02
8.706372070e+02;4.543345049e-02
8.708772583e+02;4.571050033e-02
8.711173096e+02;5.136226490e-02
8.713572998e+02;5.416044220e-02
8.715973511e+02;4.579361528e-02
8.718374634e+02;5.690320954e-02
8.720775146e+02;5.019866675e-02
8.723175659e+02;4.640311748e-02
8.725576782e+02;5.249815807e-02
8.727977295e+02;5.025407672e-02
8.730378418e+02;5.213799700e-02
8.732779541e+02;5.105751380e-02
8.735180664e+02;4.537804425e-02
8.737581787e+02;3.097158112e-02
8.739983521e+02;2.590161562e-02
8.742384644e+02;2.734226175e-02
8.744786377e+02;1.936329901e-02
8.747187500e+02;2.288180031e-02
8.749589233e+02;2.138574421e-02
8.751990967e+02;2.166279219e-02
8.754393311e+02;2.376835234e-02
8.756795044e+02;1.548463665e-02
8.759196777e+02;7.505673915e-03
8.761599121e+02;1.412710454e-02
8.764000854e+02;1.487513259e-02
8.766403198e+02;1.783953793e-02
8.768805542e+02;8.392225020e-03
8.771207886e+02;9.694347158e-03
8.773610229e+02;1.188302133e-02
8.776013184e+02;2.075546188e-03
8.778415527e+02;7.865834981e-03
8.780818481e+02;7.034693379e-03
8.783221436e+02;4.409669782e-04
8.785624390e+02;8.475339040e-03
8.788027344e+02;2.075546188e-03
8.790430298e+02;4.153401125e-03
8.792833252e+02;7.200921420e-03
8.795236206e+02;1.362841949e-02
8.797639771e+02;4.956838209e-03
8.800043335e+02;4.568972159e-03
8.802446899e+02;1.398858149e-02
8.804850464e+02;9.500414133e-03
8.807254028e+02;2.906688256e-03
8.809657593e+02;1.257563941e-02
8.812061157e+02;2.435707720e-03
8.814465332e+02;1.753478684e-02
8.816868896e+02;9.084843099e-03
8.819273071e+02;1.143974531e-02
8.821677246e+02;1.182761230e-02
8.824081421e+02;1.387776248e-02
8.826485596e+02;1.634348370e-02
8.828890381e+02;1.911395602e-02
8.831294556e+02;1.645430177e-02
8.833699341e+02;1.900313795e-02
8.836103516e+02;2.116410621e-02
8.838508301e+02;1.775642484e-02
8.840913086e+02;1.905854791e-02
8.843317871e+02;2.845045179e-02
8.845722656e+02;3.166420013e-02
8.848128052e+02;3.338189423e-02
8.850532837e+02;2.676046267e-02
8.852938232e+02;3.695580363e-02
8.855343628e+02;4.244134203e-02
8.857749023e+02;3.410221636e-02
8.860154419e+02;3.676187247e-02
8.862559814e+02;4.052971303e-02
8.864965210e+02;4.271838814e-02
8.867370605e+02;4.656934738e-02
8.869776611e+02;5.177783594e-02
8.872182617e+02;5.108521879e-02
8.874588623e+02;4.632000253e-02
8.876994629e+02;4.499017820e-02
8.879400635e+02;4.047430679e-02
8.881806641e+02;3.978168592e-02
8.884212646e+02;4.515640438e-02
8.886619263e+02;4.679098353e-02
8.889025269e+02;4.501787946e-02
8.891431885e+02;4.523951933e-02
8.893838501e+02;4.767753556e-02
8.896245117e+02;4.014184698e-02
8.898651733e+02;4.554427043e-02
8.901058350e+02;5.679239333e-02
8.903465576e+02;5.471453816e-02
8.905872192e+02;4.598754644e-02
8.908279419e+02;3.260616213e-02
8.910686646e+02;3.861808777e-02
8.913093872e+02;3.914447874e-02
8.915501099e+02;5.039259791e-02
8.917908325e+02;4.728966951e-02
8.920315552e+02;5.427126214e-02
8.922723389e+02;4.432526231e-02
8.925131226e+02;4.947834462e-02
8.927538452e+02;2.468260750e-02
8.929946289e+02;2.839504182e-02
8.932354126e+02;2.640030161e-02
8.934761963e+02;3.241222724e-02
8.937170410e+02;2.676046267e-02
8.939578247e+02;1.709151082e-02
8.941986694e+02;2.072083019e-02
8.944394531e+02;2.166279219e-02
8.946802979e+02;1.772871986e-02
8.949211426e+02;1.024844218e-02
8.951619873e+02;1.653741673e-02
8.954028320e+02;9.860576130e-03
8.956436768e+02;2.629640745e-03
8.958845825e+02;1.121810824e-02
8.961254272e+02;2.989802277e-03
8.963663330e+02;4.873724189e-03
8.966072388e+02;-4.102609120e-03
8.968481445e+02;9.472710080e-03
8.970890503e+02;1.964727184e-03
8.973299561e+02;4.042582121e-03
8.975709229e+02;-8.202909492e-03
8.978118286e+02;-2.793560561e-04
8.980527954e+02;2.103250939e-03
8.982937622e+02;-2.828191500e-03
8.985347290e+02;6.349001196e-04
8.987756958e+02;1.327518374e-03
8.990166626e+02;5.787980277e-03
8.992576294e+02;-1.997049432e-03
8.994985962e+02;6.840760354e-03
8.997396240e+02;8.503044024e-03
8.999806519e+02;-4.185723141e-03
9.002216187e+02;5.206180736e-03
9.004626465e+02;5.704866257e-03
9.007036743e+02;-3.070607781e-04
9.009447632e+02;2.795869252e-03
9.011857910e+02;7.173216902e-03
9.014268188e+02;-6.485215854e-03
9.016679077e+02;-9.449622594e-03
9.019089966e+02;7.838130929e-03
9.021500854e+02;2.989802277e-03
9.023911743e+02;-1.138202730e-03
9.026322632e+02;-2.634258242e-03
9.028733521e+02;7.117807399e-03
9.031144409e+02;4.409669782e-04
9.033555908e+02;-4.268837627e-03
9.035966797e+02;4.707495682e-03
9.038378296e+02;8.842427051e-04
9.040789795e+02;2.851278754e-03
9.043201294e+02;-2.578848740e-03
9.045612793e+02;3.627011087e-03
9.048024292e+02;2.186365193e-03
9.050436401e+02;6.009618286e-03
9.052847900e+02;-3.659333335e-03
9.055260010e+02;2.491117222e-03
9.057672119e+02;5.400114227e-03
9.060084229e+02;9.583528154e-03
9.062496338e+02;1.133585349e-03
9.064908447e+02;3.239145037e-03
9.067320557e+02;-6.672223099e-04
9.069733276e+02;1.069171820e-02
9.072145386e+02;2.324888716e-03
9.074558105e+02;1.161289983e-03
9.076970825e+02;6.425189320e-03
9.079383545e+02;-1.962418464e-04
9.081796265e+02;-6.346692331e-03
9.084208984e+02;3.239145037e-03
9.086621704e+02;5.150771234e-03
9.089035034e+02;5.677161273e-03
9.091448364e+02;-2.551143989e-03
9.093861084e+02;-8.036681451e-03
9.096274414e+02;2.906688256e-03
9.098687744e+02;3.266849788e-03
9.101101074e+02;-2.855896251e-03
9.103514404e+02;5.123066716e-03
9.105928345e+02;4.347334150e-03
9.108341675e+02;-5.349322222e-03
9.110755615e+02;1.964727184e-03
9.113169556e+02;1.105880598e-03
9.115583496e+02;-3.603923833e-03
9.117997437e+02;1.008221414e-02
9.120411377e+02;-4.019495100e-03
9.122825317e+02;4.901428707e-03
9.125239258e+02;3.848649096e-03
9.127653809e+02;2.408002969e-03
9.130068359e+02;-4.268837627e-03
9.132482300e+02;9.860576130e-03
9.134896851e+02;6.452893838e-03
9.137311401e+02;6.729941349e-03
9.139726562e+02;4.097991623e-03
9.142141113e+02;3.710125340e-03
9.144555664e+02;4.735200666e-03
9.146970825e+02;3.737830091e-03
9.149385986e+02;2.795869252e-03
9.151800537e+02;4.236515146e-03
9.154215698e+02;5.566342268e-03
9.156630859e+02;1.132892631e-02
9.159046631e+02;-6.672223099e-04
9.161461792e+02;4.070287105e-03
9.163876953e+02;2.463412471e-03
9.166292725e+02;5.372409243e-03
9.168708496e+02;7.671901956e-03
9.171123657e+02;1.853908296e-03
9.173539429e+02;3.627011087e-03
9.175955200e+02;1.382927876e-03
9.178371582e+02;4.818314686e-03
9.180787354e+02;7.394854911e-03
9.183203735e+02;5.787980277e-03
9.185619507e+02;7.782720961e-03
9.188035889e+02;1.210465934e-02
9.190452271e+02;-2.793560561e-04
9.192868652e+02;3.820944345e-03
9.195285034e+02;2.906688256e-03
9.197701416e+02;5.372409243e-03
9.200117798e+02;1.964727184e-03
9.202534790e+02;1.393317152e-02
9.204951172e+02;4.873724189e-03
9.207368164e+02;-1.581478515e-03
9.209785156e+02;3.571601817e-03
9.212202148e+02;2.768164501e-03
9.214619141e+02;5.289295223e-03
9.217036133e+02;1.498595160e-02
9.219453735e+02;1.244404237e-03
9.221870728e+02;9.999099188e-03
9.224288330e+02;2.906688256e-03
9.226705933e+02;3.737830091e-03
9.229123535e+02;-4.455844464e-04
9.231541138e+02;4.070287105e-03
9.233958740e+02;5.566342268e-03
9.236376343e+02;-1.131276586e-04
9.238793945e+02;7.367149927e-03
9.241212158e+02;4.901428707e-03
9.243630371e+02;3.433078062e-03
9.246047974e+02;2.823574003e-03
9.248466187e+02;-3.659333335e-03
9.250884399e+02;8.613863029e-03
9.253302612e+02;4.568972159e-03
9.255721436e+02;2.574231476e-03
9.258139648e+02;-2.246391959e-03
9.260558472e+02;-7.731928956e-03
9.262976685e+02;3.931763116e-03
9.265395508e+02;3.599306569e-03
9.267814331e+02;-4.712113179e-03
9.270233154e+02;3.211440286e-03
9.272651978e+02;7.893539965e-03
9.275070801e+02;9.860576130e-03
9.277490234e+02;8.752387017e-03
9.279909058e+02;1.107958425e-02
9.282328491e+02;8.419930004e-03
9.284747925e+02;7.228626404e-03
9.287167358e+02;5.517859245e-04
9.289586792e+02;-3.493105061e-03
9.292006226e+02;4.762905184e-03
9.294425659e+02;1.604565769e-03
9.296845093e+02;-1.470659510e-03
9.299265137e+02;-9.165648953e-04
9.301685181e+02;1.743089408e-03
9.304104614e+02;4.735200666e-03
9.306524658e+02;3.710125340e-03
9.308944702e+02;-3.603923833e-03
9.311364746e+02;5.310073539e-05
9.313785400e+02;3.682420589e-03
9.316205444e+02;-2.135573188e-03
9.318626099e+02;-1.221316983e-03
9.321046143e+02;-1.193612232e-03
9.323466797e+02;-1.886230544e-03
9.325887451e+02;9.832871147e-03
9.328308105e+02;-9.996790905e-04
9.330728760e+02;8.080546831e-05
9.333149414e+02;-1.165907481e-03
9.335570679e+02;1.063630823e-02
9.337991333e+02;1.881613047e-03
9.340412598e+02;-6.789968349e-03
9.342833862e+02;-1.581478515e-03
9.345255127e+02;1.105880598e-03
9.347676392e+02;1.687679905e-03
9.350097656e+02;-1.359840622e-03
9.352518921e+02;1.229859237e-02
9.354940796e+02;9.084843099e-03
9.357362061e+02;2.934392774e-03
9.359783936e+02;9.119474562e-04
9.362205811e+02;-1.997049432e-03
9.364627075e+02;3.349963808e-03
9.367048950e+02;-2.246391959e-03
9.369471436e+02;3.211440286e-03
9.371893311e+02;5.123066716e-03
9.374315186e+02;9.057139046e-03
9.376737671e+02;4.929133691e-03
9.379159546e+02;1.055319421e-02
9.381582031e+02;3.301480610e-04
9.384004517e+02;2.851278754e-03
9.386427002e+02;2.546526724e-03
9.388849487e+02;4.790610168e-03
9.391271973e+02;5.815685261e-03
9.393695068e+02;4.291924648e-03
9.396117554e+02;1.612184569e-02
9.398540649e+02;1.376694348e-02
9.400963745e+02;6.757645868e-03
9.403386841e+02;1.038696617e-02
9.405809937e+02;9.361891076e-03
9.408233032e+02;2.518821973e-03
9.410656128e+02;4.042582121e-03
9.413079224e+02;7.394854911e-03
9.415502930e+02;5.150771234e-03
9.417926025e+02;8.059768006e-03
9.420349731e+02;7.727311458e-03
9.422773438e+02;6.009618286e-03
9.425197144e+02;6.425189320e-03
9.427620850e+02;-1.830821042e-03
9.430044556e+02;6.452893838e-03
9.432468872e+02;7.976653986e-03
9.434892578e+02;8.863206021e-03
9.437316895e+02;6.452893838e-03
9.439740601e+02;1.632270520e-03
9.442164917e+02;8.281406015e-03
9.444589233e+02;-3.901749733e-04
9.447013550e+02;3.855575342e-04
9.449438477e+02;2.657345496e-03
9.451862793e+02;3.211440286e-03
9.454287109e+02;6.729941349e-03
9.456712036e+02;3.627011087e-03
9.459136963e+02;4.568972159e-03
9.461561279e+02;3.876353847e-03
9.463986206e+02;9.528119117e-03
9.466411133e+02;6.923874374e-03
9.468836670e+02;-5.155388732e-03
9.471261597e+02;1.355223125e-03
9.473686523e+02;2.878983505e-03
9.476112061e+02;-9.996790905e-04
9.478537598e+02;-3.991790116e-03
9.480962524e+02;3.848649096e-03
9.483388062e+02;2.158660442e-03
9.485813599e+02;-1.055088593e-03
9.488239746e+02;-2.412620466e-03
9.490665283e+02;3.301480610e-04
9.493090820e+02;-4.379656631e-03
9.495516968e+02;-1.553773764e-03
9.497942505e+02;2.823574003e-03
9.500368652e+02;-3.437695559e-03
9.502794800e+02;9.583528154e-03
9.505220947e+02;2.297183964e-03
9.507647095e+02;-2.939010272e-03
9.510073853e+02;1.992431935e-03
9.512500000e+02;6.619122345e-03
9.514926147e+02;-8.334507002e-04
9.517352905e+02;-7.815043442e-03
9.519779663e+02;1.709151082e-02
9.522206421e+02;1.798498910e-03
9.524633179e+02;-1.720002154e-03
9.527059937e+02;4.984543193e-03
9.529486694e+02;-2.772781998e-03
9.531913452e+02;9.805166163e-03
9.534340820e+02;-9.311098605e-03
9.536767578e+02;-8.611554513e-04
9.539194946e+02;4.236515146e-03
9.541622314e+02;7.477968931e-03
9.544049683e+02;-1.969344681e-03
9.546477051e+02;6.923874374e-03
9.548904419e+02;4.042582121e-03
9.551332397e+02;-2.440325217e-03
9.553759766e+02;-4.213428125e-03
9.556187744e+02;1.521451515e-03
9.558615112e+02;-5.564033636e-04
9.561043091e+02;8.890910074e-03
9.563471069e+02;4.181105644e-03
9.565899048e+02;4.125696141e-03
9.568327026e+02;-2.357210964e-03
9.570755005e+02;-5.127684213e-03
9.573183594e+02;-2.080163686e-03
9.575611572e+02;6.148141809e-03
9.578040161e+02;2.539600428e-05
9.580468750e+02;5.067657214e-03
9.582897339e+02;-4.573589657e-03
9.585325928e+02;1.448726654e-02
9.587754517e+02;-3.624702513e-04
9.590183105e+02;2.768164501e-03
9.592611694e+02;3.349963808e-03
9.595040894e+02;4.513562657e-03
9.597470093e+02;1.022766344e-03
9.599898682e+02;-4.490475170e-03
9.602327881e+02;-3.465400310e-03
9.604757080e+02;1.493746764e-03
9.607186279e+02;-3.022124525e-03
9.609615479e+02;5.926503800e-03
9.612045288e+02;1.105880598e-03
9.614474487e+02;-1.055088593e-03
9.616904297e+02;2.657345496e-03
9.619333496e+02;8.503044024e-03
9.621763306e+02;6.092732307e-03
9.624193115e+02;1.396087650e-02
9.626622925e+02;1.964727184e-03
9.629052734e+02;-9.996790905e-04
9.631483154e+02;4.125696141e-03
9.633912964e+02;-2.689667745e-03
9.636343384e+02;5.067657214e-03
9.638773193e+02;1.166138332e-02
9.641203613e+02;-2.745077247e-03
9.643634033e+02;8.918615058e-03
9.646064453e+02;-3.908676095e-03
9.648494873e+02;2.518821973e-03
9.650925293e+02;2.435707720e-03
9.653356323e+02;-4.102609120e-03
9.655786743e+02;-3.022124525e-03
9.658217773e+02;4.402743652e-03
9.660648193e+02;-1.131276586e-04
9.663079224e+02;9.396521491e-04
9.665510254e+02;3.578527831e-04
9.667941284e+02;-5.771819269e-05
9.670372314e+02;-2.828191500e-03
9.672803955e+02;3.128326032e-03
9.675234985e+02;-1.962418464e-04
9.677666626e+02;-5.771819269e-05
9.680097656e+02;5.206180736e-03
9.682529297e+02;-4.961455707e-03
9.684960938e+02;-4.379656631e-03
9.687392578e+02;-3.825561842e-03
9.689824219e+02;2.491117222e-03
9.692255859e+02;-4.961455707e-03
9.694688110e+02;-4.490475170e-03
9.697119751e+02;3.266849788e-03
9.699552002e+02;3.301480610e-04
9.701984253e+02;-3.714742837e-03
9.704415894e+02;1.105187926e-02
9.706848145e+02;-3.001345976e-05
9.709281006e+02;5.815685261e-03
9.711713257e+02;-4.047199618e-03
9.714145508e+02;1.770794159e-03
9.716577759e+02;4.097991623e-03
9.719010620e+02;2.297183964e-03
9.721443481e+02;7.948949002e-03
9.723876343e+02;1.438337378e-03
9.726308594e+02;8.696977049e-03
9.728741455e+02;1.355223125e-03
9.731174927e+02;2.574231476e-03
9.733607788e+02;-5.903416779e-03
9.736040649e+02;5.794906756e-04
9.738474121e+02;-6.395175587e-04
9.740906982e+02;-7.344062906e-03
9.743340454e+02;1.639196707e-04
9.745773926e+02;9.673569002e-04
9.748207397e+02;-1.082793227e-03
9.750640869e+02;-7.704224437e-03
9.753074341e+02;2.795869252e-03
9.755507812e+02;2.989802277e-03
9.757941895e+02;-1.193612232e-03
9.760375366e+02;7.450264413e-03
9.762809448e+02;5.206180736e-03
9.765243530e+02;-3.022124525e-03
9.767677612e+02;1.909317798e-03
9.770111694e+02;-5.349322222e-03
9.772545776e+02;8.918615058e-03
9.774979858e+02;5.954208784e-03
9.777414551e+02;1.272108988e-03
9.779848633e+02;9.472710080e-03
9.782283325e+02;6.175846327e-03
9.784717407e+02;7.284035906e-03
9.787152100e+02;2.463412471e-03
9.789586792e+02;1.853908296e-03
9.792021484e+02;-3.216057550e-03
9.794456177e+02;-3.825561842e-03
9.796891479e+02;-1.415250124e-03
9.799326172e+02;-7.503365050e-04
9.801761475e+02;-7.177834399e-03
9.804196167e+02;3.488487564e-03
9.806631470e+02;6.729941349e-03
9.809066772e+02;3.578527831e-04
9.811502075e+02;-8.729299530e-03
9.813937378e+02;3.377668560e-03
9.816372681e+02;3.627011087e-03
9.818808594e+02;4.181105644e-03
9.821243896e+02;2.491117222e-03
9.823679810e+02;-4.455844464e-04
9.826115112e+02;-1.138202730e-03
9.828551025e+02;2.214069944e-03
9.830986938e+02;5.815685261e-03
9.833422852e+02;-1.941639930e-03
9.835858765e+02;-9.227984585e-03
9.838295288e+02;8.863206021e-03
9.840731201e+02;1.085101976e-04
9.843167725e+02;-1.276726369e-03
9.845603638e+02;6.626048707e-04
9.848040161e+02;7.921244949e-03
9.850476685e+02;-4.573589657e-03
9.852913208e+02;8.842427051e-04
9.855349731e+02;2.463412471e-03
9.857786255e+02;-5.654074252e-03
9.860222778e+02;4.846019205e-03
9.862659912e+02;1.244404237e-03
9.865096436e+02;9.195662104e-03
9.867533569e+02;-1.110497979e-03
9.869970703e+02;6.702236366e-03
9.872407837e+02;2.241774695e-03
9.874844971e+02;2.518821973e-03
9.877282104e+02;1.743089408e-03
9.879719238e+02;1.743089408e-03
9.882156372e+02;1.595561765e-02
9.884594116e+02;2.962097526e-03
9.887031250e+02;6.369779818e-03
9.889468994e+02;2.629640745e-03
9.891906738e+02;9.396521491e-04
9.894344482e+02;4.818314686e-03
9.896782227e+02;6.425189320e-03
9.899219971e+02;3.765534842e-03
9.901657715e+02;5.954208784e-03
9.904096069e+02;7.561082952e-03
9.906533813e+02;-2.308727744e-06
9.908972168e+02;6.536007859e-03
9.911410522e+02;5.621751770e-03
9.913848267e+02;-2.301801462e-03
9.916286621e+02;3.349963808e-03
9.918724976e+02;4.790610168e-03
9.921163940e+02;2.241774695e-03
9.923602295e+02;1.604565769e-03
9.926040649e+02;-2.578848740e-03
9.928479614e+02;1.659975154e-03
9.930918579e+02;-8.611554513e-04
9.933356934e+02;4.686717293e-04
9.935795898e+02;9.528119117e-03
9.938234863e+02;-3.299171804e-03
9.940673828e+02;-2.107868437e-03
9.943112793e+02;-2.551143989e-03
9.945552368e+02;3.183735535e-03
9.947991333e+02;5.150771234e-03
9.950430908e+02;-5.044570193e-03
9.952869873e+02;-3.742447589e-03
9.955309448e+02;-2.828191500e-03
9.957749023e+02;5.926503800e-03
9.960188599e+02;2.435707720e-03
9.962628174e+02;1.770794159e-03
9.965068359e+02;-2.274096711e-03
9.967507935e+02;-1.664592652e-03
9.969947510e+02;1.091335621e-02
9.972387695e+02;3.301480610e-04
9.974827881e+02;1.440415159e-02
9.977267456e+02;2.463412471e-03
9.979707642e+02;4.735200666e-03
9.982147827e+02;-3.132943530e-03
9.984588623e+02;7.616492454e-03
9.987028809e+02;3.820944345e-03
9.989468994e+02;-4.047199618e-03
9.991909790e+02;-5.681778770e-03
9.994349976e+02;6.452893838e-03
9.996790771e+02;7.561082952e-03
9.999231567e+02;-3.326876555e-03
1.000167236e+03;1.715384657e-03
1.000411316e+03;-8.611554513e-04
1.000655396e+03;8.080546831e-05
1.000899475e+03;1.105187926e-02
1.001143616e+03;-1.498364261e-03
1.001387695e+03;-2.994419774e-03
1.001631836e+03;3.488487564e-03
1.001875916e+03;4.568972159e-03
1.002120056e+03;2.491117222e-03
1.002364197e+03;-3.382286057e-03
1.002608337e+03;6.314370316e-03
1.002852478e+03;-9.442696464e-04
1.003096680e+03;-1.775411540e-03
1.003340820e+03;-2.578848740e-03
1.003585022e+03;-3.603923833e-03
1.003829163e+03;-3.631628584e-03
1.004073364e+03;3.072916530e-03
1.004317566e+03;-4.933751188e-03
1.004561768e+03;-2.190982457e-03
1.004805969e+03;2.158660442e-03
1.005050171e+03;-6.672223099e-04
1.005294373e+03;1.127351727e-02
1.005538635e+03;2.463412471e-03
1.005782837e+03;-1.803116291e-03
1.006027100e+03;3.848649096e-03
1.006271362e+03;2.546526724e-03
1.006515625e+03;-1.941639930e-03
1.006759888e+03;1.937022549e-03
1.007004150e+03;-5.009939196e-04
1.007248413e+03;5.123066716e-03
1.007492676e+03;7.782720961e-03
1.007737000e+03;3.301480610e-04
1.007981262e+03;5.067657214e-03
1.008225586e+03;1.050471095e-03
1.008469849e+03;2.795869252e-03
1.008714172e+03;1.521451515e-03
1.008958496e+03;-4.989160690e-03
1.009202820e+03;2.795869252e-03
1.009447205e+03;3.959468100e-03
1.009691528e+03;-7.482586429e-03
1.009935852e+03;-8.611554513e-04
1.010180237e+03;-3.493105061e-03
1.010424561e+03;2.075546188e-03
1.010668945e+03;-3.347655002e-04
1.010913330e+03;-3.548514564e-03
1.011157715e+03;-3.001345976e-05
1.011402100e+03;6.175846327e-03
1.011646484e+03;-1.055088593e-03
1.011890930e+03;6.175846327e-03
1.012135315e+03;5.677161273e-03
1.012379761e+03;-9.442696464e-04
1.012624146e+03;-2.939010272e-03
1.012868591e+03;-1.359840622e-03
1.013113037e+03;4.458153155e-03
1.013357483e+03;5.621751770e-03
1.013601929e+03;-1.747706905e-03
1.013846375e+03;-1.387545373e-03
1.014090820e+03;-9.719743393e-04
1.014335327e+03;-4.455844464e-04
1.014579773e+03;-2.163277939e-03
1.014824280e+03;-4.601294175e-03
1.015068787e+03;4.132622562e-04
1.015313293e+03;-1.720002154e-03
1.015557739e+03;-2.190982457e-03
1.015802307e+03;6.286665332e-03
1.016046814e+03;-2.218687208e-03
1.016291321e+03;2.712754998e-03
1.016535828e+03;-7.503365050e-04
1.016780396e+03;-6.402101833e-03
1.017024963e+03;2.269479213e-03
1.017269470e+03;2.518821973e-03
1.017514038e+03;-2.911305521e-03
1.017758606e+03;-3.631628584e-03
1.018003174e+03;2.795869252e-03
1.018247742e+03;-3.631628584e-03
1.018492371e+03;-4.732891684e-04
1.018736938e+03;-6.118128076e-04
1.018981567e+03;-2.371755987e-02
1.019226135e+03;-2.288641781e-02
1.019470764e+03;-2.468722500e-02
1.019715393e+03;-2.432706393e-02
1.019960022e+03;-2.518591098e-02
1.020204651e+03;-2.346821688e-02
